GEO.id,GEO.id2,GEO.display-label,HC01_VC11,HC02_VC11,HC03_VC11,HC04_VC11,HC01_VC12,HC02_VC12,HC03_VC12,HC04_VC12,HC01_VC27,HC02_VC27,HC03_VC27,HC04_VC27,HC01_VC30,HC02_VC30,HC03_VC30,HC04_VC30,HC01_VC31,HC02_VC31,HC03_VC31,HC04_VC31,HC01_VC36,HC02_VC36,HC03_VC36,HC04_VC36,HC01_VC74,HC02_VC74,HC03_VC74,HC04_VC74,HC01_VC85,HC02_VC85,HC03_VC85,HC04_VC85,HC01_VC124,HC02_VC124,HC03_VC124,HC04_VC124,HC01_VC125,HC02_VC125,HC03_VC125,HC04_VC125,HC01_VC126,HC02_VC126,HC03_VC126,HC04_VC126,HC01_VC161,HC02_VC161,HC03_VC161,HC04_VC161,HC01_VC162,HC02_VC162,HC03_VC162,HC04_VC162,HC01_VC163,HC02_VC163,HC03_VC163,HC04_VC163
Id,Id2,Geography,Estimate; EMPLOYMENT STATUS - Civilian labor force,Margin of Error; EMPLOYMENT STATUS - Civilian labor force,Percent; EMPLOYMENT STATUS - Civilian labor force,Percent Margin of Error; EMPLOYMENT STATUS - Civilian labor force,Estimate; EMPLOYMENT STATUS - Civilian labor force - Percent Unemployed,Margin of Error; EMPLOYMENT STATUS - Civilian labor force - Percent Unemployed,Percent; EMPLOYMENT STATUS - Civilian labor force - Percent Unemployed,Percent Margin of Error; EMPLOYMENT STATUS - Civilian labor force - Percent Unemployed,Estimate; COMMUTING TO WORK - Workers 16 years and over,Margin of Error; COMMUTING TO WORK - Workers 16 years and over,Percent; COMMUTING TO WORK - Workers 16 years and over,Percent Margin of Error; COMMUTING TO WORK - Workers 16 years and over,Estimate; COMMUTING TO WORK - Workers 16 years and over - Public transportation (excluding taxicab),Margin of Error; COMMUTING TO WORK - Workers 16 years and over - Public transportation (excluding taxicab),Percent; COMMUTING TO WORK - Workers 16 years and over - Public transportation (excluding taxicab),Percent Margin of Error; COMMUTING TO WORK - Workers 16 years and over - Public transportation (excluding taxicab),Estimate; COMMUTING TO WORK - Workers 16 years and over - Walked,Margin of Error; COMMUTING TO WORK - Workers 16 years and over - Walked,Percent; COMMUTING TO WORK - Workers 16 years and over - Walked,Percent Margin of Error; COMMUTING TO WORK - Workers 16 years and over - Walked,Estimate; COMMUTING TO WORK - Mean travel time to work (minutes),Margin of Error; COMMUTING TO WORK - Mean travel time to work (minutes),Percent; COMMUTING TO WORK - Mean travel time to work (minutes),Percent Margin of Error; COMMUTING TO WORK - Mean travel time to work (minutes),Estimate; INCOME AND BENEFITS (IN 2013 INFLATION-ADJUSTED DOLLARS) - Total households,Margin of Error; INCOME AND BENEFITS (IN 2013 INFLATION-ADJUSTED DOLLARS) - Total households,Percent; INCOME AND BENEFITS (IN 2013 INFLATION-ADJUSTED DOLLARS) - Total households,Percent Margin of Error; INCOME AND BENEFITS (IN 2013 INFLATION-ADJUSTED DOLLARS) - Total households,Estimate; INCOME AND BENEFITS (IN 2013 INFLATION-ADJUSTED DOLLARS) - Total households - Median household income (dollars),Margin of Error; INCOME AND BENEFITS (IN 2013 INFLATION-ADJUSTED DOLLARS) - Total households - Median household income (dollars),Percent; INCOME AND BENEFITS (IN 2013 INFLATION-ADJUSTED DOLLARS) - Total households - Median household income (dollars),Percent Margin of Error; INCOME AND BENEFITS (IN 2013 INFLATION-ADJUSTED DOLLARS) - Total households - Median household income (dollars),Estimate; INCOME AND BENEFITS (IN 2013 INFLATION-ADJUSTED DOLLARS) - Median earnings for workers (dollars),Margin of Error; INCOME AND BENEFITS (IN 2013 INFLATION-ADJUSTED DOLLARS) - Median earnings for workers (dollars),Percent; INCOME AND BENEFITS (IN 2013 INFLATION-ADJUSTED DOLLARS) - Median earnings for workers (dollars),Percent Margin of Error; INCOME AND BENEFITS (IN 2013 INFLATION-ADJUSTED DOLLARS) - Median earnings for workers (dollars),"Estimate; INCOME AND BENEFITS (IN 2013 INFLATION-ADJUSTED DOLLARS) - Median earnings for male full-time, year-round workers (dollars)","Margin of Error; INCOME AND BENEFITS (IN 2013 INFLATION-ADJUSTED DOLLARS) - Median earnings for male full-time, year-round workers (dollars)","Percent; INCOME AND BENEFITS (IN 2013 INFLATION-ADJUSTED DOLLARS) - Median earnings for male full-time, year-round workers (dollars)","Percent Margin of Error; INCOME AND BENEFITS (IN 2013 INFLATION-ADJUSTED DOLLARS) - Median earnings for male full-time, year-round workers (dollars)","Estimate; INCOME AND BENEFITS (IN 2013 INFLATION-ADJUSTED DOLLARS) - Median earnings for female full-time, year-round workers (dollars)","Margin of Error; INCOME AND BENEFITS (IN 2013 INFLATION-ADJUSTED DOLLARS) - Median earnings for female full-time, year-round workers (dollars)","Percent; INCOME AND BENEFITS (IN 2013 INFLATION-ADJUSTED DOLLARS) - Median earnings for female full-time, year-round workers (dollars)","Percent Margin of Error; INCOME AND BENEFITS (IN 2013 INFLATION-ADJUSTED DOLLARS) - Median earnings for female full-time, year-round workers (dollars)",Estimate; PERCENTAGE OF FAMILIES AND PEOPLE WHOSE INCOME IN THE PAST 12 MONTHS IS BELOW THE POVERTY LEVEL - All families,Margin of Error; PERCENTAGE OF FAMILIES AND PEOPLE WHOSE INCOME IN THE PAST 12 MONTHS IS BELOW THE POVERTY LEVEL - All families,Percent; PERCENTAGE OF FAMILIES AND PEOPLE WHOSE INCOME IN THE PAST 12 MONTHS IS BELOW THE POVERTY LEVEL - All families,Percent Margin of Error; PERCENTAGE OF FAMILIES AND PEOPLE WHOSE INCOME IN THE PAST 12 MONTHS IS BELOW THE POVERTY LEVEL - All families,Estimate; PERCENTAGE OF FAMILIES AND PEOPLE WHOSE INCOME IN THE PAST 12 MONTHS IS BELOW THE POVERTY LEVEL - All families - With related children under 18 years,Margin of Error; PERCENTAGE OF FAMILIES AND PEOPLE WHOSE INCOME IN THE PAST 12 MONTHS IS BELOW THE POVERTY LEVEL - All families - With related children under 18 years,Percent; PERCENTAGE OF FAMILIES AND PEOPLE WHOSE INCOME IN THE PAST 12 MONTHS IS BELOW THE POVERTY LEVEL - All families - With related children under 18 years,Percent Margin of Error; PERCENTAGE OF FAMILIES AND PEOPLE WHOSE INCOME IN THE PAST 12 MONTHS IS BELOW THE POVERTY LEVEL - All families - With related children under 18 years,Estimate; PERCENTAGE OF FAMILIES AND PEOPLE WHOSE INCOME IN THE PAST 12 MONTHS IS BELOW THE POVERTY LEVEL - All families - With related children under 18 years - With related children under 5 years only,Margin of Error; PERCENTAGE OF FAMILIES AND PEOPLE WHOSE INCOME IN THE PAST 12 MONTHS IS BELOW THE POVERTY LEVEL - All families - With related children under 18 years - With related children under 5 years only,Percent; PERCENTAGE OF FAMILIES AND PEOPLE WHOSE INCOME IN THE PAST 12 MONTHS IS BELOW THE POVERTY LEVEL - All families - With related children under 18 years - With related children under 5 years only,Percent Margin of Error; PERCENTAGE OF FAMILIES AND PEOPLE WHOSE INCOME IN THE PAST 12 MONTHS IS BELOW THE POVERTY LEVEL - All families - With related children under 18 years - With related children under 5 years only
1400000US25025000100,25025000100,"Census Tract 1, Suffolk County, Massachusetts",1921,369,1921,(X),(X),(X),6.9,3.7,1802,357,1802,(X),398,219,22.1,10.2,215,128,11.9,7.0,28.9,3.0,(X),(X),1434,117,1434,(X),54107,11239,(X),(X),37024,5324,(X),(X),54929,12081,(X),(X),38657,7350,(X),(X),(X),(X),7.0,5.3,(X),(X),0.0,15.5,(X),(X),0.0,27.5
1400000US25025000201,25025000201,"Census Tract 2.01, Suffolk County, Massachusetts",2203,279,2203,(X),(X),(X),1.4,1.4,2146,268,2146,(X),493,153,23.0,6.4,123,71,5.7,3.4,27.6,2.3,(X),(X),1328,123,1328,(X),63784,10652,(X),(X),38942,4986,(X),(X),51458,4393,(X),(X),48396,9078,(X),(X),(X),(X),6.3,6.3,(X),(X),13.7,20.1,(X),(X),24.7,37.1
1400000US25025000202,25025000202,"Census Tract 2.02, Suffolk County, Massachusetts",1960,327,1960,(X),(X),(X),7.3,5.4,1791,301,1791,(X),311,121,17.4,6.6,189,94,10.6,5.1,27.7,2.3,(X),(X),1326,87,1326,(X),51636,10977,(X),(X),37656,6225,(X),(X),50332,8244,(X),(X),47321,5012,(X),(X),(X),(X),17.2,8.9,(X),(X),37.9,18.9,(X),(X),27.2,36.3
1400000US25025000301,25025000301,"Census Tract 3.01, Suffolk County, Massachusetts",1603,212,1603,(X),(X),(X),6.2,4.4,1421,209,1421,(X),214,99,15.1,6.5,47,71,3.3,5.0,25.0,2.4,(X),(X),1031,91,1031,(X),81927,9529,(X),(X),49513,6309,(X),(X),57297,7213,(X),(X),54970,4745,(X),(X),(X),(X),15.7,12.8,(X),(X),40.1,27.0,(X),(X),0.0,44.4
1400000US25025000302,25025000302,"Census Tract 3.02, Suffolk County, Massachusetts",1809,298,1809,(X),(X),(X),3.4,2.5,1733,290,1733,(X),416,153,24.0,7.3,113,68,6.5,3.9,32.0,2.6,(X),(X),1133,118,1133,(X),69384,8202,(X),(X),43359,3805,(X),(X),56103,16792,(X),(X),49286,15904,(X),(X),(X),(X),8.2,8.8,(X),(X),0.0,16.9,(X),(X),0.0,26.3
1400000US25025000401,25025000401,"Census Tract 4.01, Suffolk County, Massachusetts",2802,432,2802,(X),(X),(X),3.9,2.7,2625,422,2625,(X),898,275,34.2,8.3,264,122,10.1,4.8,30.9,2.4,(X),(X),2577,159,2577,(X),38290,8773,(X),(X),36083,4046,(X),(X),56528,8435,(X),(X),43320,5896,(X),(X),(X),(X),14.8,9.9,(X),(X),13.6,14.7,(X),(X),18.4,26.5
1400000US25025000402,25025000402,"Census Tract 4.02, Suffolk County, Massachusetts",1914,254,1914,(X),(X),(X),4.8,2.6,1755,246,1755,(X),487,154,27.7,8.6,127,55,7.2,3.3,30.4,4.5,(X),(X),1376,91,1376,(X),55756,10019,(X),(X),29738,8734,(X),(X),54615,37590,(X),(X),53656,5210,(X),(X),(X),(X),3.3,4.1,(X),(X),3.1,4.5,(X),(X),4.0,7.3
1400000US25025000502,25025000502,"Census Tract 5.02, Suffolk County, Massachusetts",2810,335,2810,(X),(X),(X),5.9,4.2,2644,345,2644,(X),846,201,32.0,6.8,912,238,34.5,6.6,26.4,2.9,(X),(X),1629,121,1629,(X),43672,11276,(X),(X),5972,1069,(X),(X),57125,12258,(X),(X),53147,13451,(X),(X),(X),(X),12.7,10.8,(X),(X),0.0,29.9,(X),(X),0.0,48.7
1400000US25025000503,25025000503,"Census Tract 5.03, Suffolk County, Massachusetts",1382,182,1382,(X),(X),(X),7.0,4.6,1276,186,1276,(X),712,142,55.8,7.7,58,42,4.5,3.2,34.6,2.8,(X),(X),1166,107,1166,(X),55962,10308,(X),(X),43438,6723,(X),(X),70714,17253,(X),(X),42632,7405,(X),(X),(X),(X),9.9,15.2,(X),(X),0.0,100.0,(X),(X),-,**
1400000US25025000504,25025000504,"Census Tract 5.04, Suffolk County, Massachusetts",2835,362,2835,(X),(X),(X),4.7,2.8,2621,365,2621,(X),1213,281,46.3,8.2,102,54,3.9,2.0,33.2,1.7,(X),(X),2520,143,2520,(X),41630,7127,(X),(X),32434,3543,(X),(X),61979,15260,(X),(X),47389,5054,(X),(X),(X),(X),15.6,11.7,(X),(X),0.0,37.0,(X),(X),0.0,53.6
1400000US25025000601,25025000601,"Census Tract 6.01, Suffolk County, Massachusetts",1776,274,1776,(X),(X),(X),5.9,2.8,1637,269,1637,(X),529,147,32.3,5.9,69,56,4.2,3.2,29.9,2.3,(X),(X),1215,119,1215,(X),52125,7415,(X),(X),34825,3473,(X),(X),51923,12036,(X),(X),42700,9121,(X),(X),(X),(X),9.9,9.8,(X),(X),19.2,19.8,(X),(X),0.0,57.1
1400000US25025000602,25025000602,"Census Tract 6.02, Suffolk County, Massachusetts",1913,282,1913,(X),(X),(X),5.8,3.4,1775,261,1775,(X),648,135,36.5,7.1,157,64,8.8,3.2,31.5,2.6,(X),(X),1881,94,1881,(X),26138,5267,(X),(X),27871,5137,(X),(X),44214,9049,(X),(X),41322,4791,(X),(X),(X),(X),30.0,12.4,(X),(X),45.5,15.7,(X),(X),74.5,21.4
1400000US25025000701,25025000701,"Census Tract 7.01, Suffolk County, Massachusetts",2511,370,2511,(X),(X),(X),6.5,3.8,2305,381,2305,(X),757,244,32.8,9.4,288,146,12.5,6.1,36.2,3.1,(X),(X),1781,173,1781,(X),42003,5731,(X),(X),32329,3306,(X),(X),50239,12928,(X),(X),43508,5558,(X),(X),(X),(X),32.8,20.3,(X),(X),24.2,35.9,(X),(X),30.8,42.6
1400000US25025000703,25025000703,"Census Tract 7.03, Suffolk County, Massachusetts",1741,347,1741,(X),(X),(X),10.0,5.8,1516,280,1516,(X),639,161,42.2,7.6,450,130,29.7,8.9,28.3,2.7,(X),(X),1139,72,1139,(X),19219,6577,(X),(X),11191,1954,(X),(X),55739,12745,(X),(X),35909,8366,(X),(X),(X),(X),0.0,27.5,(X),(X),0.0,54.4,(X),(X),-,**
1400000US25025000704,25025000704,"Census Tract 7.04, Suffolk County, Massachusetts",2588,312,2588,(X),(X),(X),6.2,3.5,2398,301,2398,(X),1096,219,45.7,7.0,249,143,10.4,5.6,34.5,4.2,(X),(X),2077,135,2077,(X),44259,4638,(X),(X),33877,5211,(X),(X),42125,8171,(X),(X),48700,12349,(X),(X),(X),(X),25.1,17.2,(X),(X),39.8,35.3,(X),(X),34.3,42.5
1400000US25025000802,25025000802,"Census Tract 8.02, Suffolk County, Massachusetts",5179,810,5179,(X),(X),(X),9.7,4.4,4576,740,4576,(X),1855,388,40.5,6.3,843,321,18.4,5.9,29.6,2.9,(X),(X),2608,132,2608,(X),39032,6145,(X),(X),21365,4409,(X),(X),38975,5226,(X),(X),42723,4056,(X),(X),(X),(X),19.1,11.1,(X),(X),23.1,19.7,(X),(X),53.6,41.1
1400000US25025000803,25025000803,"Census Tract 8.03, Suffolk County, Massachusetts",2281,620,2281,(X),(X),(X),11.0,4.0,2007,555,2007,(X),497,217,24.8,11.3,1119,499,55.8,12.6,19.1,4.6,(X),(X),785,79,785,(X),33914,9835,(X),(X),4773,1640,(X),(X),36071,25256,(X),(X),37083,27599,(X),(X),(X),(X),32.7,14.2,(X),(X),47.3,24.0,(X),(X),22.2,25.7
1400000US25025010103,25025010103,"Census Tract 101.03, Suffolk County, Massachusetts",1752,244,1752,(X),(X),(X),10.8,5.8,1550,252,1550,(X),327,112,21.1,7.2,901,222,58.1,8.5,14.8,2.3,(X),(X),453,47,453,(X),17868,11021,(X),(X),2574,961,(X),(X),43214,21788,(X),(X),51458,33867,(X),(X),(X),(X),0.0,46.4,(X),(X),-,**,(X),(X),-,**
1400000US25025010104,25025010104,"Census Tract 101.04, Suffolk County, Massachusetts",2607,310,2607,(X),(X),(X),8.5,3.8,2339,265,2339,(X),632,125,27.0,5.2,1191,248,50.9,7.4,20.7,2.3,(X),(X),1805,132,1805,(X),34779,16596,(X),(X),10348,2823,(X),(X),64219,23499,(X),(X),63333,13001,(X),(X),(X),(X),22.0,8.6,(X),(X),72.6,19.6,(X),(X),0.0,79.5
1400000US25025010203,25025010203,"Census Tract 102.03, Suffolk County, Massachusetts",2953,353,2953,(X),(X),(X),7.2,3.1,2708,356,2708,(X),599,191,22.1,6.7,1235,285,45.6,8.0,20.6,2.0,(X),(X),3096,191,3096,(X),37830,10536,(X),(X),35332,6891,(X),(X),56778,9457,(X),(X),55184,7065,(X),(X),(X),(X),7.2,6.7,(X),(X),0.0,26.1,(X),(X),0.0,33.5
1400000US25025010204,25025010204,"Census Tract 102.04, Suffolk County, Massachusetts",1863,224,1863,(X),(X),(X),10.3,4.7,1594,188,1594,(X),423,136,26.5,8.3,832,189,52.2,8.6,20.1,2.1,(X),(X),1001,100,1001,(X),28861,11221,(X),(X),7810,2722,(X),(X),46696,24805,(X),(X),33920,34635,(X),(X),(X),(X),19.2,24.0,(X),(X),0.0,85.4,(X),(X),-,**
1400000US25025010300,25025010300,"Census Tract 103, Suffolk County, Massachusetts",2515,555,2515,(X),(X),(X),14.8,4.5,2125,434,2125,(X),420,163,19.8,5.8,1180,250,55.5,8.7,15.7,2.0,(X),(X),254,57,254,(X),31250,11016,(X),(X),3497,411,(X),(X),45417,35127,(X),(X),30208,11419,(X),(X),(X),(X),0.0,46.4,(X),(X),0.0,72.5,(X),(X),-,**
1400000US25025010403,25025010403,"Census Tract 104.03, Suffolk County, Massachusetts",1645,357,1645,(X),(X),(X),9.8,6.3,1470,363,1470,(X),563,169,38.3,13.2,466,194,31.7,9.2,27.8,3.9,(X),(X),1860,127,1860,(X),17186,8203,(X),(X),34446,6340,(X),(X),54615,24807,(X),(X),61098,5311,(X),(X),(X),(X),19.8,27.4,(X),(X),77.8,52.0,(X),(X),77.8,52.0
1400000US25025010404,25025010404,"Census Tract 104.04, Suffolk County, Massachusetts",2590,449,2590,(X),(X),(X),15.5,6.0,2157,433,2157,(X),463,146,21.5,7.0,1156,362,53.6,10.0,15.7,2.4,(X),(X),1507,134,1507,(X),16394,4633,(X),(X),4484,700,(X),(X),44243,12735,(X),(X),40333,23730,(X),(X),(X),(X),11.7,14.1,(X),(X),0.0,67.2,(X),(X),0.0,82.3
1400000US25025010405,25025010405,"Census Tract 104.05, Suffolk County, Massachusetts",2983,435,2983,(X),(X),(X),17.7,6.6,2385,381,2385,(X),778,192,32.6,6.6,1129,272,47.3,7.5,18.8,2.6,(X),(X),968,46,968,(X),15541,4278,(X),(X),4468,709,(X),(X),44271,23428,(X),(X),32500,36490,(X),(X),(X),(X),16.7,12.4,(X),(X),0.0,53.6,(X),(X),0.0,97.3
1400000US25025010408,25025010408,"Census Tract 104.08, Suffolk County, Massachusetts",1137,140,1137,(X),(X),(X),1.1,1.3,1125,143,1125,(X),301,82,26.8,7.4,419,119,37.2,11.0,24.3,1.9,(X),(X),926,42,926,(X),62619,3833,(X),(X),49868,3527,(X),(X),53333,9728,(X),(X),58092,6249,(X),(X),(X),(X),6.1,10.0,(X),(X),21.1,44.2,(X),(X),0.0,97.3
1400000US25025010500,25025010500,"Census Tract 105, Suffolk County, Massachusetts",1769,395,1769,(X),(X),(X),8.3,3.8,1568,316,1568,(X),638,186,40.7,8.2,534,189,34.1,8.8,22.5,4.1,(X),(X),1647,82,1647,(X),40750,12133,(X),(X),22500,20263,(X),(X),90871,22529,(X),(X),53194,3091,(X),(X),(X),(X),28.6,20.2,(X),(X),0.0,74.6,(X),(X),0.0,74.6
1400000US25025010600,25025010600,"Census Tract 106, Suffolk County, Massachusetts",1628,198,1628,(X),(X),(X),2.8,2.3,1582,193,1582,(X),532,152,33.6,8.4,365,132,23.1,8.3,22.8,2.3,(X),(X),1774,131,1774,(X),86250,41696,(X),(X),85385,24519,(X),(X),157083,45193,(X),(X),69773,18604,(X),(X),(X),(X),6.9,4.6,(X),(X),13.4,21.4,(X),(X),0.0,38.5
1400000US25025010701,25025010701,"Census Tract 107.01, Suffolk County, Massachusetts",2170,240,2170,(X),(X),(X),4.4,4.3,1996,249,1996,(X),401,156,20.1,7.2,739,155,37.0,7.5,24.0,3.5,(X),(X),1562,102,1562,(X),99234,13552,(X),(X),57585,13042,(X),(X),105300,16742,(X),(X),74830,15293,(X),(X),(X),(X),2.3,3.5,(X),(X),0.0,25.8,(X),(X),0.0,37.3
1400000US25025010702,25025010702,"Census Tract 107.02, Suffolk County, Massachusetts",1691,277,1691,(X),(X),(X),3.2,3.2,1620,280,1620,(X),321,130,19.8,6.6,650,159,40.1,7.6,23.6,2.6,(X),(X),1270,147,1270,(X),106250,22440,(X),(X),60585,12552,(X),(X),91000,31976,(X),(X),70417,10537,(X),(X),(X),(X),4.7,7.7,(X),(X),0.0,38.2,(X),(X),0.0,56.2
1400000US25025010801,25025010801,"Census Tract 108.01, Suffolk County, Massachusetts",2231,239,2231,(X),(X),(X),5.1,2.9,2104,243,2104,(X),278,84,13.2,3.9,603,163,28.7,7.0,23.1,2.7,(X),(X),1680,144,1680,(X),131136,24091,(X),(X),69531,10597,(X),(X),108345,37980,(X),(X),64866,16003,(X),(X),(X),(X),0.0,5.0,(X),(X),0.0,21.0,(X),(X),0.0,48.1
1400000US25025010802,25025010802,"Census Tract 108.02, Suffolk County, Massachusetts",1889,282,1889,(X),(X),(X),1.9,1.6,1813,289,1813,(X),542,122,29.9,6.2,547,139,30.2,6.8,24.8,3.0,(X),(X),1756,149,1756,(X),94298,16721,(X),(X),73125,8640,(X),(X),100395,12227,(X),(X),76421,5165,(X),(X),(X),(X),0.0,6.2,(X),(X),0.0,16.1,(X),(X),0.0,29.4
1400000US25025020101,25025020101,"Census Tract 201.01, Suffolk County, Massachusetts",2975,307,2975,(X),(X),(X),3.8,2.9,2789,293,2789,(X),488,172,17.5,5.6,1584,262,56.8,7.5,24.6,3.6,(X),(X),2589,160,2589,(X),97062,6281,(X),(X),64103,4062,(X),(X),75496,21135,(X),(X),64243,22864,(X),(X),(X),(X),0.0,5.2,(X),(X),0.0,11.7,(X),(X),0.0,28.8
1400000US25025020200,25025020200,"Census Tract 202, Suffolk County, Massachusetts",3127,297,3127,(X),(X),(X),5.7,3.2,2850,303,2850,(X),608,183,21.3,6.4,1581,277,55.5,7.0,19.8,1.8,(X),(X),2150,143,2150,(X),74300,8169,(X),(X),47066,4862,(X),(X),73803,22499,(X),(X),47476,8981,(X),(X),(X),(X),5.0,5.7,(X),(X),0.0,19.4,(X),(X),0.0,26.5
1400000US25025020301,25025020301,"Census Tract 203.01, Suffolk County, Massachusetts",1537,218,1537,(X),(X),(X),3.6,3.0,1464,210,1464,(X),361,124,24.7,8.9,695,153,47.5,9.1,23.9,4.8,(X),(X),1401,82,1401,(X),95080,34778,(X),(X),67422,11094,(X),(X),103056,12211,(X),(X),70893,13338,(X),(X),(X),(X),16.6,11.6,(X),(X),0.0,45.9,(X),(X),0.0,76.9
1400000US25025020302,25025020302,"Census Tract 203.02, Suffolk County, Massachusetts",861,155,861,(X),(X),(X),2.8,3.5,819,150,819,(X),141,75,17.2,9.2,490,147,59.8,11.9,20.1,3.4,(X),(X),675,50,675,(X),88807,26339,(X),(X),50417,7631,(X),(X),60313,55894,(X),(X),60903,18636,(X),(X),(X),(X),0.0,20.3,(X),(X),0.0,30.1,(X),(X),0.0,62.8
1400000US25025020303,25025020303,"Census Tract 203.03, Suffolk County, Massachusetts",1772,215,1772,(X),(X),(X),9.7,5.6,1556,199,1556,(X),344,139,22.1,8.6,654,197,42.0,10.7,21.7,2.3,(X),(X),1599,135,1599,(X),75341,13505,(X),(X),71871,5724,(X),(X),102857,13699,(X),(X),77984,4095,(X),(X),(X),(X),3.5,5.6,(X),(X),0.0,21.4,(X),(X),0.0,40.1
1400000US25025030100,25025030100,"Census Tract 301, Suffolk County, Massachusetts",1555,268,1555,(X),(X),(X),2.6,2.1,1474,280,1474,(X),144,63,9.8,4.4,912,299,61.9,11.5,19.7,3.0,(X),(X),1119,111,1119,(X),63750,13784,(X),(X),42546,7040,(X),(X),66750,16033,(X),(X),50230,4547,(X),(X),(X),(X),16.3,23.4,(X),(X),0.0,43.1,(X),(X),0.0,46.4
1400000US25025030200,25025030200,"Census Tract 302, Suffolk County, Massachusetts",1242,197,1242,(X),(X),(X),4.2,4.0,1146,219,1146,(X),423,199,36.9,13.2,485,134,42.3,12.1,19.8,2.9,(X),(X),992,86,992,(X),67258,13323,(X),(X),46581,10780,(X),(X),65893,13819,(X),(X),55625,7844,(X),(X),(X),(X),0.0,16.4,(X),(X),0.0,55.3,(X),(X),0.0,55.3
1400000US25025030300,25025030300,"Census Tract 303, Suffolk County, Massachusetts",3298,359,3298,(X),(X),(X),4.8,4.1,3056,333,3056,(X),420,148,13.7,4.5,1724,278,56.4,6.9,18.4,2.4,(X),(X),2799,183,2799,(X),104154,30455,(X),(X),59965,10250,(X),(X),91851,23426,(X),(X),69583,11495,(X),(X),(X),(X),3.2,3.9,(X),(X),0.0,17.6,(X),(X),0.0,28.3
1400000US25025030400,25025030400,"Census Tract 304, Suffolk County, Massachusetts",1865,198,1865,(X),(X),(X),1.5,1.3,1827,194,1827,(X),483,123,26.4,6.2,890,186,48.7,7.8,22.7,2.2,(X),(X),1488,89,1488,(X),72111,12849,(X),(X),51452,6376,(X),(X),75043,20760,(X),(X),54291,4955,(X),(X),(X),(X),0.0,12.4,(X),(X),0.0,41.5,(X),(X),0.0,100.0
1400000US25025030500,25025030500,"Census Tract 305, Suffolk County, Massachusetts",2026,201,2026,(X),(X),(X),0.0,0.1,2079,213,2079,(X),359,112,17.3,5.1,930,151,44.7,6.2,23.2,2.0,(X),(X),1535,104,1535,(X),102986,8143,(X),(X),65182,9059,(X),(X),101122,18362,(X),(X),61495,10810,(X),(X),(X),(X),1.0,2.0,(X),(X),0.0,30.4,(X),(X),0.0,52.0
1400000US25025040100,25025040100,"Census Tract 401, Suffolk County, Massachusetts",1464,152,1464,(X),(X),(X),3.8,2.6,1350,158,1350,(X),144,72,10.7,5.4,306,105,22.7,7.2,26.6,2.7,(X),(X),1157,65,1157,(X),119509,13374,(X),(X),81928,6566,(X),(X),117969,26847,(X),(X),83621,5286,(X),(X),(X),(X),0.0,6.5,(X),(X),0.0,13.9,(X),(X),0.0,17.9
1400000US25025040200,25025040200,"Census Tract 402, Suffolk County, Massachusetts",813,142,813,(X),(X),(X),14.9,7.4,653,104,653,(X),167,73,25.6,10.6,101,65,15.5,9.2,28.7,4.3,(X),(X),668,57,668,(X),48583,13196,(X),(X),32147,12296,(X),(X),70781,65104,(X),(X),66188,52396,(X),(X),(X),(X),31.2,14.3,(X),(X),36.1,19.8,(X),(X),0.0,57.1
1400000US25025040300,25025040300,"Census Tract 403, Suffolk County, Massachusetts",2876,286,2876,(X),(X),(X),5.0,4.5,2594,279,2594,(X),584,151,22.5,5.1,304,127,11.7,4.8,27.8,2.6,(X),(X),1950,122,1950,(X),118722,5012,(X),(X),71434,6868,(X),(X),95250,20616,(X),(X),70592,7242,(X),(X),(X),(X),22.5,11.9,(X),(X),44.1,18.6,(X),(X),18.1,25.8
1400000US25025040401,25025040401,"Census Tract 404.01, Suffolk County, Massachusetts",1468,193,1468,(X),(X),(X),13.6,5.6,1268,197,1268,(X),548,134,43.2,9.2,147,81,11.6,6.1,27.8,7.6,(X),(X),1207,37,1207,(X),58021,17029,(X),(X),43682,6983,(X),(X),71108,7827,(X),(X),55114,28242,(X),(X),(X),(X),5.7,7.0,(X),(X),11.8,13.9,(X),(X),9.8,16.0
1400000US25025040600,25025040600,"Census Tract 406, Suffolk County, Massachusetts",2100,271,2100,(X),(X),(X),5.0,3.0,1977,262,1977,(X),529,156,26.8,6.0,91,59,4.6,3.0,25.4,2.7,(X),(X),1299,64,1299,(X),121442,37160,(X),(X),72331,8564,(X),(X),93013,14082,(X),(X),77869,7314,(X),(X),(X),(X),5.1,6.7,(X),(X),12.9,16.9,(X),(X),0.0,27.5
1400000US25025040801,25025040801,"Census Tract 408.01, Suffolk County, Massachusetts",2107,233,2107,(X),(X),(X),9.9,4.3,1917,211,1917,(X),520,176,27.1,7.8,262,101,13.7,5.4,33.5,3.7,(X),(X),1953,104,1953,(X),49432,10278,(X),(X),40930,10620,(X),(X),88750,30939,(X),(X),65125,30702,(X),(X),(X),(X),42.0,9.1,(X),(X),72.5,14.0,(X),(X),56.4,34.9
1400000US25025050101,25025050101,"Census Tract 501.01, Suffolk County, Massachusetts",3114,353,3114,(X),(X),(X),10.2,3.8,2796,332,2796,(X),1110,228,39.7,6.7,300,118,10.7,4.2,30.9,2.7,(X),(X),1807,92,1807,(X),43660,4463,(X),(X),24119,2097,(X),(X),33764,5390,(X),(X),32070,6394,(X),(X),(X),(X),16.4,7.8,(X),(X),21.1,10.5,(X),(X),31.2,32.7
1400000US25025050200,25025050200,"Census Tract 502, Suffolk County, Massachusetts",3390,508,3390,(X),(X),(X),8.2,3.2,2969,435,2969,(X),1748,373,58.9,7.4,200,102,6.7,3.3,31.7,2.1,(X),(X),1803,112,1803,(X),50740,7775,(X),(X),27102,2849,(X),(X),36318,5966,(X),(X),31324,6330,(X),(X),(X),(X),9.8,6.6,(X),(X),14.4,10.0,(X),(X),27.9,26.4
1400000US25025050300,25025050300,"Census Tract 503, Suffolk County, Massachusetts",836,162,836,(X),(X),(X),13.0,7.5,721,165,721,(X),437,123,60.6,10.1,81,46,11.2,6.0,25.7,3.1,(X),(X),1062,55,1062,(X),14808,2694,(X),(X),25302,9866,(X),(X),34821,15155,(X),(X),28839,6105,(X),(X),(X),(X),30.4,14.8,(X),(X),45.6,21.5,(X),(X),56.9,42.6
1400000US25025050400,25025050400,"Census Tract 504, Suffolk County, Massachusetts",1682,272,1682,(X),(X),(X),14.1,4.7,1389,252,1389,(X),882,193,63.5,6.1,75,57,5.4,4.1,28.3,2.3,(X),(X),972,73,972,(X),52969,9955,(X),(X),25504,8651,(X),(X),33004,4396,(X),(X),31829,3577,(X),(X),(X),(X),4.5,5.5,(X),(X),5.4,9.2,(X),(X),10.2,18.9
1400000US25025050500,25025050500,"Census Tract 505, Suffolk County, Massachusetts",1263,220,1263,(X),(X),(X),10.2,8.2,1118,243,1118,(X),769,211,68.8,10.5,39,36,3.5,3.3,30.1,3.5,(X),(X),706,52,706,(X),47781,10108,(X),(X),20094,3329,(X),(X),22234,8420,(X),(X),75250,18198,(X),(X),(X),(X),11.7,8.3,(X),(X),23.9,16.4,(X),(X),35.3,34.4
1400000US25025050600,25025050600,"Census Tract 506, Suffolk County, Massachusetts",1655,292,1655,(X),(X),(X),20.0,7.2,1262,213,1262,(X),988,203,78.3,7.4,65,50,5.2,3.8,37.2,8.4,(X),(X),760,64,760,(X),44412,14511,(X),(X),20838,3053,(X),(X),26513,5905,(X),(X),62700,8735,(X),(X),(X),(X),13.2,10.0,(X),(X),12.8,10.8,(X),(X),0.0,33.2
1400000US25025050700,25025050700,"Census Tract 507, Suffolk County, Massachusetts",3213,349,3213,(X),(X),(X),11.6,5.2,2828,306,2828,(X),1868,332,66.1,8.4,170,122,6.0,4.3,30.9,2.4,(X),(X),1495,104,1495,(X),59309,8077,(X),(X),26795,4763,(X),(X),33956,4237,(X),(X),35991,11387,(X),(X),(X),(X),16.6,8.8,(X),(X),22.9,12.7,(X),(X),37.2,38.4
1400000US25025050901,25025050901,"Census Tract 509.01, Suffolk County, Massachusetts",3228,475,3228,(X),(X),(X),11.4,4.1,2741,449,2741,(X),1573,445,57.4,8.8,65,65,2.4,2.4,38.6,6.1,(X),(X),1378,102,1378,(X),54392,8858,(X),(X),25647,3827,(X),(X),33590,2868,(X),(X),30000,13872,(X),(X),(X),(X),22.0,10.6,(X),(X),34.5,15.7,(X),(X),30.3,25.7
1400000US25025051000,25025051000,"Census Tract 510, Suffolk County, Massachusetts",2442,279,2442,(X),(X),(X),16.8,5.1,2018,246,2018,(X),794,198,39.3,7.7,21,23,1.0,1.1,29.5,3.0,(X),(X),1755,65,1755,(X),47841,6792,(X),(X),33355,4353,(X),(X),48317,5565,(X),(X),45884,8605,(X),(X),(X),(X),8.8,4.4,(X),(X),12.7,8.6,(X),(X),9.0,17.0
1400000US25025051101,25025051101,"Census Tract 511.01, Suffolk County, Massachusetts",4272,545,4272,(X),(X),(X),15.5,3.8,3608,472,3608,(X),1845,398,51.1,9.7,95,92,2.6,2.6,34.0,3.1,(X),(X),2282,100,2282,(X),53065,18901,(X),(X),29066,5236,(X),(X),43818,7317,(X),(X),45241,8722,(X),(X),(X),(X),9.9,7.4,(X),(X),13.4,11.7,(X),(X),0.0,27.1
1400000US25025051200,25025051200,"Census Tract 512, Suffolk County, Massachusetts",1464,175,1464,(X),(X),(X),4.9,3.1,1355,173,1355,(X),724,169,53.4,10.4,63,57,4.6,4.2,29.0,3.6,(X),(X),1020,93,1020,(X),56875,17222,(X),(X),32986,9376,(X),(X),51139,9804,(X),(X),45078,11982,(X),(X),(X),(X),15.9,11.2,(X),(X),36.4,21.7,(X),(X),44.4,36.4
1400000US25025060101,25025060101,"Census Tract 601.01, Suffolk County, Massachusetts",2647,257,2647,(X),(X),(X),7.4,3.7,2394,243,2394,(X),921,193,38.5,6.0,101,59,4.2,2.5,26.6,2.7,(X),(X),1611,71,1611,(X),82481,14520,(X),(X),54185,4512,(X),(X),57458,5312,(X),(X),59178,4721,(X),(X),(X),(X),8.3,5.2,(X),(X),19.4,14.6,(X),(X),8.6,15.9
1400000US25025060200,25025060200,"Census Tract 602, Suffolk County, Massachusetts",1406,216,1406,(X),(X),(X),12.4,8.7,1205,206,1205,(X),493,171,40.9,10.7,20,21,1.7,1.8,27.7,2.7,(X),(X),938,81,938,(X),91742,8833,(X),(X),54575,6543,(X),(X),85000,21337,(X),(X),56397,6667,(X),(X),(X),(X),7.8,5.5,(X),(X),16.9,11.9,(X),(X),0.0,38.5
1400000US25025060301,25025060301,"Census Tract 603.01, Suffolk County, Massachusetts",2229,286,2229,(X),(X),(X),5.1,2.5,2076,302,2076,(X),843,217,40.6,7.9,53,46,2.6,2.3,26.4,2.4,(X),(X),1498,101,1498,(X),82143,21580,(X),(X),50598,9928,(X),(X),71910,18893,(X),(X),56176,9834,(X),(X),(X),(X),3.4,3.8,(X),(X),6.7,11.2,(X),(X),0.0,26.1
1400000US25025060400,25025060400,"Census Tract 604, Suffolk County, Massachusetts",3529,461,3529,(X),(X),(X),8.8,5.1,3154,451,3154,(X),1087,224,34.5,6.3,91,65,2.9,2.0,23.7,2.7,(X),(X),2389,139,2389,(X),90975,18674,(X),(X),54431,5039,(X),(X),71228,13520,(X),(X),58629,3638,(X),(X),(X),(X),7.4,8.1,(X),(X),22.2,24.0,(X),(X),0.0,49.9
1400000US25025060501,25025060501,"Census Tract 605.01, Suffolk County, Massachusetts",2901,310,2901,(X),(X),(X),4.6,2.3,2752,309,2752,(X),898,217,32.6,7.0,222,76,8.1,2.8,26.8,2.5,(X),(X),1753,96,1753,(X),98723,9244,(X),(X),59332,4573,(X),(X),76162,6675,(X),(X),60816,7754,(X),(X),(X),(X),4.2,5.1,(X),(X),9.1,13.2,(X),(X),0.0,25.4
1400000US25025060600,25025060600,"Census Tract 606, Suffolk County, Massachusetts",1923,261,1923,(X),(X),(X),2.2,1.7,1881,256,1881,(X),480,139,25.5,6.1,365,100,19.4,5.4,24.7,2.5,(X),(X),1304,110,1304,(X),92014,22762,(X),(X),64041,6062,(X),(X),87120,4918,(X),(X),61295,7552,(X),(X),(X),(X),2.4,3.9,(X),(X),10.5,16.6,(X),(X),0.0,39.1
1400000US25025060700,25025060700,"Census Tract 607, Suffolk County, Massachusetts",958,134,958,(X),(X),(X),20.5,8.6,742,132,742,(X),254,87,34.2,11.1,118,74,15.9,9.5,28.2,4.1,(X),(X),725,40,725,(X),21356,5229,(X),(X),16509,1397,(X),(X),22137,10012,(X),(X),24238,2017,(X),(X),(X),(X),36.1,11.1,(X),(X),39.3,15.6,(X),(X),34.6,28.8
1400000US25025060800,25025060800,"Census Tract 608, Suffolk County, Massachusetts",3498,614,3498,(X),(X),(X),2.7,2.9,3405,584,3405,(X),1101,359,32.3,8.8,572,261,16.8,6.6,26.6,2.2,(X),(X),1879,154,1879,(X),86306,16336,(X),(X),52403,5056,(X),(X),67055,12904,(X),(X),48624,2964,(X),(X),(X),(X),14.7,15.6,(X),(X),36.9,33.9,(X),(X),0.0,49.9
1400000US25025061000,25025061000,"Census Tract 610, Suffolk County, Massachusetts",1375,234,1375,(X),(X),(X),10.9,6.2,1219,229,1219,(X),464,164,38.1,10.2,121,73,9.9,6.0,31.0,4.4,(X),(X),1292,90,1292,(X),22933,6792,(X),(X),26267,6125,(X),(X),51037,9430,(X),(X),46250,15377,(X),(X),(X),(X),48.9,13.6,(X),(X),61.7,14.6,(X),(X),47.6,29.1
1400000US25025061101,25025061101,"Census Tract 611.01, Suffolk County, Massachusetts",794,153,794,(X),(X),(X),25.7,10.2,569,130,569,(X),234,84,41.1,11.9,76,49,13.4,7.8,27.8,4.6,(X),(X),1003,59,1003,(X),16172,1814,(X),(X),16929,4363,(X),(X),30909,14830,(X),(X),36875,9421,(X),(X),(X),(X),61.7,9.6,(X),(X),69.4,11.0,(X),(X),59.0,32.3
1400000US25025061200,25025061200,"Census Tract 612, Suffolk County, Massachusetts",2609,303,2609,(X),(X),(X),5.8,3.0,2457,268,2457,(X),902,201,36.7,7.0,305,106,12.4,4.6,24.1,2.0,(X),(X),1897,134,1897,(X),71090,10447,(X),(X),61135,9542,(X),(X),67039,10095,(X),(X),66739,11247,(X),(X),(X),(X),4.2,6.2,(X),(X),0.0,22.3,(X),(X),0.0,100.0
1400000US25025070101,25025070101,"Census Tract 701.01, Suffolk County, Massachusetts",3230,368,3230,(X),(X),(X),8.7,3.3,2950,359,2950,(X),540,182,18.3,6.2,1542,338,52.3,8.4,20.5,3.2,(X),(X),2776,209,2776,(X),69964,20741,(X),(X),47910,23864,(X),(X),151904,15717,(X),(X),64167,10319,(X),(X),(X),(X),9.4,10.0,(X),(X),0.0,12.3,(X),(X),0.0,17.2
1400000US25025070200,25025070200,"Census Tract 702, Suffolk County, Massachusetts",2793,401,2793,(X),(X),(X),15.9,5.3,2314,352,2314,(X),501,150,21.7,6.4,1129,231,48.8,7.2,21.7,3.4,(X),(X),1629,127,1629,(X),18975,1894,(X),(X),5937,1680,(X),(X),30431,5360,(X),(X),30769,3491,(X),(X),(X),(X),28.1,11.3,(X),(X),6.1,11.1,(X),(X),0.0,53.6
1400000US25025070300,25025070300,"Census Tract 703, Suffolk County, Massachusetts",3036,341,3036,(X),(X),(X),5.4,3.5,2736,286,2736,(X),768,207,28.1,6.4,909,206,33.2,6.3,23.8,1.8,(X),(X),2426,152,2426,(X),118558,28678,(X),(X),71533,13833,(X),(X),122786,29349,(X),(X),76700,8010,(X),(X),(X),(X),10.4,9.4,(X),(X),15.8,21.9,(X),(X),0.0,16.4
1400000US25025070402,25025070402,"Census Tract 704.02, Suffolk County, Massachusetts",594,127,594,(X),(X),(X),24.1,10.0,451,83,451,(X),110,48,24.4,9.4,76,35,16.9,7.7,30.0,7.2,(X),(X),689,35,689,(X),15565,4042,(X),(X),14320,3572,(X),(X),22132,12872,(X),(X),38750,12826,(X),(X),(X),(X),46.1,12.2,(X),(X),51.2,18.0,(X),(X),38.5,55.7
1400000US25025070500,25025070500,"Census Tract 705, Suffolk County, Massachusetts",3834,393,3834,(X),(X),(X),9.7,4.0,3435,369,3435,(X),961,234,28.0,5.5,1114,255,32.4,5.9,25.2,2.6,(X),(X),2883,175,2883,(X),76902,18326,(X),(X),61565,10628,(X),(X),78556,10587,(X),(X),76683,10345,(X),(X),(X),(X),13.7,6.0,(X),(X),25.3,12.8,(X),(X),17.2,23.7
1400000US25025070600,25025070600,"Census Tract 706, Suffolk County, Massachusetts",1593,199,1593,(X),(X),(X),1.4,1.4,1577,204,1577,(X),435,105,27.6,6.5,585,165,37.1,8.2,24.1,2.8,(X),(X),1249,102,1249,(X),96094,19369,(X),(X),79224,9649,(X),(X),104224,24829,(X),(X),85278,13045,(X),(X),(X),(X),0.0,8.0,(X),(X),0.0,13.7,(X),(X),0.0,32.1
1400000US25025070700,25025070700,"Census Tract 707, Suffolk County, Massachusetts",1870,234,1870,(X),(X),(X),9.8,5.1,1634,202,1634,(X),536,134,32.8,7.5,603,158,36.9,8.3,19.6,2.0,(X),(X),1299,88,1299,(X),65114,24392,(X),(X),45204,11423,(X),(X),86818,42770,(X),(X),45132,10551,(X),(X),(X),(X),5.6,5.5,(X),(X),10.5,13.9,(X),(X),0.0,33.2
1400000US25025070800,25025070800,"Census Tract 708, Suffolk County, Massachusetts",2809,523,2809,(X),(X),(X),3.5,2.1,2619,524,2619,(X),1150,416,43.9,9.9,748,221,28.6,7.3,24.3,2.6,(X),(X),1999,112,1999,(X),69340,28335,(X),(X),37982,13431,(X),(X),95192,15929,(X),(X),54167,25150,(X),(X),(X),(X),4.0,6.1,(X),(X),10.6,15.1,(X),(X),28.4,36.8
1400000US25025070900,25025070900,"Census Tract 709, Suffolk County, Massachusetts",2096,216,2096,(X),(X),(X),3.4,2.3,1964,220,1964,(X),557,133,28.4,6.1,524,150,26.7,6.9,26.8,2.3,(X),(X),1707,89,1707,(X),54367,10265,(X),(X),50399,8590,(X),(X),80459,33678,(X),(X),64712,15746,(X),(X),(X),(X),20.2,11.6,(X),(X),29.1,20.5,(X),(X),18.2,29.0
1400000US25025071101,25025071101,"Census Tract 711.01, Suffolk County, Massachusetts",2359,374,2359,(X),(X),(X),11.3,5.1,2020,372,2020,(X),858,326,42.5,10.8,384,138,19.0,7.0,24.8,2.3,(X),(X),2164,128,2164,(X),41525,8793,(X),(X),43500,11888,(X),(X),63854,5740,(X),(X),54840,5213,(X),(X),(X),(X),18.9,17.5,(X),(X),33.4,26.3,(X),(X),0.0,25.8
1400000US25025071201,25025071201,"Census Tract 712.01, Suffolk County, Massachusetts",1591,211,1591,(X),(X),(X),13.3,6.1,1365,169,1365,(X),314,110,23.0,7.9,402,135,29.5,8.5,26.4,2.9,(X),(X),1317,85,1317,(X),44965,8059,(X),(X),42897,10699,(X),(X),77474,19481,(X),(X),50966,23697,(X),(X),(X),(X),22.8,11.8,(X),(X),34.0,18.6,(X),(X),27.2,26.9
1400000US25025080100,25025080100,"Census Tract 801, Suffolk County, Massachusetts",805,148,805,(X),(X),(X),8.4,5.2,737,139,737,(X),131,60,17.8,7.8,83,57,11.3,7.8,27.0,3.4,(X),(X),617,66,617,(X),31712,5662,(X),(X),15902,3367,(X),(X),30595,12878,(X),(X),33224,18302,(X),(X),(X),(X),29.2,11.2,(X),(X),47.8,20.2,(X),(X),77.8,34.6
1400000US25025080300,25025080300,"Census Tract 803, Suffolk County, Massachusetts",682,183,682,(X),(X),(X),19.6,10.9,548,181,548,(X),216,69,39.4,9.4,97,53,17.7,8.0,30.8,4.6,(X),(X),772,90,772,(X),21563,10871,(X),(X),21404,5844,(X),(X),37609,15526,(X),(X),36995,15949,(X),(X),(X),(X),34.8,14.4,(X),(X),41.9,21.7,(X),(X),66.1,40.4
1400000US25025080401,25025080401,"Census Tract 804.01, Suffolk County, Massachusetts",1150,211,1150,(X),(X),(X),16.7,7.7,915,198,915,(X),475,157,51.9,12.0,206,81,22.5,8.0,23.2,3.1,(X),(X),1245,86,1245,(X),18203,3193,(X),(X),23472,12249,(X),(X),31532,3301,(X),(X),46696,9360,(X),(X),(X),(X),43.3,12.1,(X),(X),58.3,14.0,(X),(X),89.8,17.7
1400000US25025080500,25025080500,"Census Tract 805, Suffolk County, Massachusetts",1380,181,1380,(X),(X),(X),24.7,10.8,1015,193,1015,(X),508,161,50.0,13.0,94,68,9.3,6.3,21.7,3.2,(X),(X),1283,75,1283,(X),18021,5336,(X),(X),17695,4191,(X),(X),41157,7176,(X),(X),31227,5739,(X),(X),(X),(X),40.7,9.8,(X),(X),50.4,14.4,(X),(X),64.5,43.9
1400000US25025080601,25025080601,"Census Tract 806.01, Suffolk County, Massachusetts",1993,282,1993,(X),(X),(X),17.4,5.7,1606,283,1606,(X),675,196,42.0,9.7,631,205,39.3,9.4,19.6,2.2,(X),(X),869,77,869,(X),23412,8125,(X),(X),5525,1289,(X),(X),30793,9506,(X),(X),40962,35260,(X),(X),(X),(X),41.4,15.4,(X),(X),52.6,21.4,(X),(X),100.0,59.2
1400000US25025080801,25025080801,"Census Tract 808.01, Suffolk County, Massachusetts",1831,376,1831,(X),(X),(X),20.0,6.9,1336,274,1336,(X),404,141,30.2,8.5,549,146,41.1,7.7,23.6,4.0,(X),(X),888,75,888,(X),17500,11051,(X),(X),6042,2793,(X),(X),23636,12572,(X),(X),31987,2591,(X),(X),(X),(X),41.7,12.8,(X),(X),56.1,15.4,(X),(X),100.0,100.0
1400000US25025080900,25025080900,"Census Tract 809, Suffolk County, Massachusetts",2219,410,2219,(X),(X),(X),6.5,4.1,2044,394,2044,(X),756,281,37.0,10.2,652,228,31.9,10.7,23.8,3.6,(X),(X),1390,102,1390,(X),39792,10734,(X),(X),17721,9799,(X),(X),51442,9608,(X),(X),38580,4299,(X),(X),(X),(X),18.4,16.3,(X),(X),11.9,17.1,(X),(X),36.5,46.1
1400000US25025081001,25025081001,"Census Tract 810.01, Suffolk County, Massachusetts",2887,420,2887,(X),(X),(X),5.5,2.8,2690,414,2690,(X),1329,291,49.4,8.9,634,172,23.6,6.6,28.9,2.8,(X),(X),2111,141,2111,(X),28027,4304,(X),(X),22253,4690,(X),(X),39000,17654,(X),(X),35341,13491,(X),(X),(X),(X),38.0,13.9,(X),(X),52.4,21.1,(X),(X),0.0,39.1
1400000US25025081100,25025081100,"Census Tract 811, Suffolk County, Massachusetts",2682,254,2682,(X),(X),(X),4.8,2.5,2522,251,2522,(X),1078,257,42.7,8.7,385,135,15.3,5.2,29.9,3.1,(X),(X),1671,68,1671,(X),47608,5675,(X),(X),25667,5157,(X),(X),43289,4198,(X),(X),47794,8744,(X),(X),(X),(X),11.9,9.1,(X),(X),16.2,15.8,(X),(X),0.0,26.3
1400000US25025081200,25025081200,"Census Tract 812, Suffolk County, Massachusetts",1575,304,1575,(X),(X),(X),19.0,5.8,1246,261,1246,(X),651,207,52.2,10.4,133,81,10.7,6.3,29.5,2.8,(X),(X),1143,82,1143,(X),20559,6569,(X),(X),20478,6572,(X),(X),35549,10581,(X),(X),40625,16200,(X),(X),(X),(X),47.0,10.3,(X),(X),53.9,12.2,(X),(X),45.0,32.5
1400000US25025081300,25025081300,"Census Tract 813, Suffolk County, Massachusetts",2209,483,2209,(X),(X),(X),9.0,6.2,2003,475,2003,(X),943,288,47.1,10.4,73,80,3.6,4.0,30.7,3.6,(X),(X),2065,134,2065,(X),21639,4258,(X),(X),23939,9521,(X),(X),38750,15458,(X),(X),40191,12432,(X),(X),(X),(X),26.8,10.4,(X),(X),25.5,11.9,(X),(X),19.6,34.0
1400000US25025081400,25025081400,"Census Tract 814, Suffolk County, Massachusetts",1979,339,1979,(X),(X),(X),8.2,4.8,1805,320,1805,(X),763,199,42.3,8.0,197,89,10.9,5.0,26.1,2.8,(X),(X),1211,116,1211,(X),43973,5680,(X),(X),30090,3767,(X),(X),39569,4166,(X),(X),43929,5481,(X),(X),(X),(X),24.4,9.4,(X),(X),35.8,18.8,(X),(X),28.8,37.0
1400000US25025081500,25025081500,"Census Tract 815, Suffolk County, Massachusetts",1246,186,1246,(X),(X),(X),27.4,10.8,884,189,884,(X),281,96,31.8,9.4,9,16,1.0,1.8,24.8,2.4,(X),(X),834,69,834,(X),31042,13113,(X),(X),21404,5815,(X),(X),40750,5514,(X),(X),32938,18445,(X),(X),(X),(X),19.0,9.8,(X),(X),34.3,18.6,(X),(X),63.6,37.6
1400000US25025081700,25025081700,"Census Tract 817, Suffolk County, Massachusetts",1173,260,1173,(X),(X),(X),18.5,6.8,888,212,888,(X),355,141,40.0,12.5,39,40,4.4,4.7,26.8,4.3,(X),(X),1413,128,1413,(X),21635,8409,(X),(X),25875,7983,(X),(X),41065,4982,(X),(X),32222,31660,(X),(X),(X),(X),40.1,12.8,(X),(X),52.0,20.0,(X),(X),-,**
1400000US25025081800,25025081800,"Census Tract 818, Suffolk County, Massachusetts",1588,286,1588,(X),(X),(X),13.9,5.9,1294,306,1294,(X),603,241,46.6,10.9,56,60,4.3,4.4,29.3,2.8,(X),(X),1222,116,1222,(X),27162,15205,(X),(X),27542,4277,(X),(X),36364,5843,(X),(X),37847,5966,(X),(X),(X),(X),32.4,12.4,(X),(X),56.1,18.0,(X),(X),54.7,31.5
1400000US25025081900,25025081900,"Census Tract 819, Suffolk County, Massachusetts",1524,230,1524,(X),(X),(X),21.7,9.4,1176,220,1176,(X),496,157,42.2,10.4,128,82,10.9,6.9,27.6,2.8,(X),(X),1302,109,1302,(X),31411,12047,(X),(X),25837,2462,(X),(X),29118,29959,(X),(X),40156,9591,(X),(X),(X),(X),26.7,12.1,(X),(X),40.3,18.0,(X),(X),39.3,60.7
1400000US25025082000,25025082000,"Census Tract 820, Suffolk County, Massachusetts",1439,250,1439,(X),(X),(X),22.0,7.0,1046,198,1046,(X),395,123,37.8,11.1,40,38,3.8,3.4,27.2,3.0,(X),(X),1096,88,1096,(X),36711,25373,(X),(X),31372,5345,(X),(X),37027,25378,(X),(X),48875,5052,(X),(X),(X),(X),27.9,11.9,(X),(X),45.8,21.4,(X),(X),23.4,29.6
1400000US25025082100,25025082100,"Census Tract 821, Suffolk County, Massachusetts",2010,364,2010,(X),(X),(X),22.0,8.6,1558,297,1558,(X),661,228,42.4,11.5,38,45,2.4,2.8,37.8,4.8,(X),(X),1981,107,1981,(X),20388,7176,(X),(X),22102,9596,(X),(X),31400,7787,(X),(X),37003,7518,(X),(X),(X),(X),47.3,12.4,(X),(X),53.1,14.8,(X),(X),43.1,35.3
1400000US25025090100,25025090100,"Census Tract 901, Suffolk County, Massachusetts",2598,348,2598,(X),(X),(X),22.8,4.8,1893,294,1893,(X),857,228,45.3,8.1,0,17,0.0,1.8,35.3,3.7,(X),(X),1836,93,1836,(X),31471,6608,(X),(X),25531,4714,(X),(X),49352,7886,(X),(X),40625,5432,(X),(X),(X),(X),24.7,9.4,(X),(X),29.8,12.6,(X),(X),12.3,19.3
1400000US25025090200,25025090200,"Census Tract 902, Suffolk County, Massachusetts",1021,148,1021,(X),(X),(X),19.3,7.8,802,147,802,(X),390,121,48.6,10.2,16,24,2.0,2.9,32.2,4.8,(X),(X),806,77,806,(X),22199,2982,(X),(X),22030,3380,(X),(X),27500,6975,(X),(X),31795,37392,(X),(X),(X),(X),32.8,11.1,(X),(X),36.0,13.0,(X),(X),0.0,37.3
1400000US25025090300,25025090300,"Census Tract 903, Suffolk County, Massachusetts",1676,297,1676,(X),(X),(X),32.6,12.1,1083,248,1083,(X),410,128,37.9,8.3,52,47,4.8,4.3,31.2,4.0,(X),(X),1094,106,1094,(X),27250,8280,(X),(X),23362,9517,(X),(X),59766,37802,(X),(X),30395,1697,(X),(X),(X),(X),36.1,11.1,(X),(X),45.5,15.3,(X),(X),21.6,32.0
1400000US25025090400,25025090400,"Census Tract 904, Suffolk County, Massachusetts",1567,277,1567,(X),(X),(X),21.9,8.1,1224,273,1224,(X),462,180,37.7,10.1,40,43,3.3,3.4,34.8,5.9,(X),(X),1131,99,1131,(X),31914,5849,(X),(X),24354,5906,(X),(X),34375,8070,(X),(X),34444,6134,(X),(X),(X),(X),29.4,9.3,(X),(X),32.2,13.5,(X),(X),11.5,17.1
1400000US25025090600,25025090600,"Census Tract 906, Suffolk County, Massachusetts",1162,191,1162,(X),(X),(X),16.2,7.2,966,185,966,(X),340,152,35.2,12.8,78,43,8.1,4.4,31.5,5.7,(X),(X),651,67,651,(X),50640,6872,(X),(X),28438,6676,(X),(X),53508,20559,(X),(X),35990,7894,(X),(X),(X),(X),22.1,9.6,(X),(X),26.9,11.8,(X),(X),20.0,21.8
1400000US25025090700,25025090700,"Census Tract 907, Suffolk County, Massachusetts",2895,364,2895,(X),(X),(X),9.3,3.5,2614,352,2614,(X),1080,209,41.3,7.3,211,186,8.1,6.7,28.1,3.5,(X),(X),1774,113,1774,(X),54293,15862,(X),(X),32734,2926,(X),(X),36661,8679,(X),(X),40731,4917,(X),(X),(X),(X),27.4,11.3,(X),(X),39.4,14.7,(X),(X),43.0,37.8
1400000US25025090901,25025090901,"Census Tract 909.01, Suffolk County, Massachusetts",1911,281,1911,(X),(X),(X),15.6,5.4,1578,259,1578,(X),512,136,32.4,8.5,312,152,19.8,8.2,25.5,3.1,(X),(X),1477,101,1477,(X),26783,8985,(X),(X),20485,10273,(X),(X),58750,7760,(X),(X),45057,8467,(X),(X),(X),(X),32.8,9.9,(X),(X),43.0,15.2,(X),(X),17.0,18.8
1400000US25025091001,25025091001,"Census Tract 910.01, Suffolk County, Massachusetts",2026,258,2026,(X),(X),(X),10.2,5.8,1792,259,1792,(X),601,146,33.5,7.3,123,63,6.9,3.7,29.4,2.3,(X),(X),1288,73,1288,(X),62283,11396,(X),(X),37284,14386,(X),(X),63750,5760,(X),(X),56419,6839,(X),(X),(X),(X),9.1,10.2,(X),(X),4.7,6.3,(X),(X),0.0,33.5
1400000US25025091100,25025091100,"Census Tract 911, Suffolk County, Massachusetts",3210,414,3210,(X),(X),(X),4.8,3.0,3019,394,3019,(X),1097,248,36.3,6.8,41,43,1.4,1.4,28.4,2.3,(X),(X),1694,109,1694,(X),75180,13192,(X),(X),41314,4217,(X),(X),51301,3583,(X),(X),53257,6604,(X),(X),(X),(X),21.7,8.3,(X),(X),28.8,11.5,(X),(X),18.8,20.6
1400000US25025091200,25025091200,"Census Tract 912, Suffolk County, Massachusetts",1831,260,1831,(X),(X),(X),14.7,5.6,1547,239,1547,(X),611,180,39.5,9.2,26,29,1.7,1.9,29.9,3.3,(X),(X),1126,90,1126,(X),67941,10816,(X),(X),35817,5222,(X),(X),53609,8257,(X),(X),45469,20890,(X),(X),(X),(X),26.2,9.9,(X),(X),41.6,19.0,(X),(X),24.6,31.0
1400000US25025091300,25025091300,"Census Tract 913, Suffolk County, Massachusetts",1219,241,1219,(X),(X),(X),12.1,5.4,1080,230,1080,(X),402,155,37.2,10.8,41,38,3.8,3.6,28.6,3.1,(X),(X),751,75,751,(X),35347,7310,(X),(X),26701,5748,(X),(X),36838,5247,(X),(X),33673,3402,(X),(X),(X),(X),22.0,10.1,(X),(X),29.1,12.6,(X),(X),90.3,23.8
1400000US25025091400,25025091400,"Census Tract 914, Suffolk County, Massachusetts",1233,181,1233,(X),(X),(X),16.6,5.9,1011,166,1011,(X),452,170,44.7,13.0,109,99,10.8,9.3,28.4,5.0,(X),(X),885,61,885,(X),30474,9546,(X),(X),21050,5227,(X),(X),45865,10683,(X),(X),43676,6279,(X),(X),(X),(X),27.0,11.5,(X),(X),37.7,17.1,(X),(X),58.7,41.9
1400000US25025091500,25025091500,"Census Tract 915, Suffolk County, Massachusetts",2434,313,2434,(X),(X),(X),14.6,4.9,1991,304,1991,(X),660,196,33.1,7.8,100,60,5.0,3.2,30.5,3.1,(X),(X),1573,80,1573,(X),43681,5089,(X),(X),30010,4393,(X),(X),42612,4246,(X),(X),35750,9049,(X),(X),(X),(X),22.1,7.2,(X),(X),25.2,9.8,(X),(X),32.3,27.4
1400000US25025091600,25025091600,"Census Tract 916, Suffolk County, Massachusetts",1613,241,1613,(X),(X),(X),22.9,8.2,1231,219,1231,(X),401,145,32.6,9.8,29,36,2.4,3.0,32.3,4.8,(X),(X),1080,78,1080,(X),36127,4855,(X),(X),22457,5089,(X),(X),38060,7450,(X),(X),33077,4624,(X),(X),(X),(X),18.1,9.5,(X),(X),14.0,10.6,(X),(X),43.1,45.7
1400000US25025091700,25025091700,"Census Tract 917, Suffolk County, Massachusetts",1842,250,1842,(X),(X),(X),21.0,6.5,1418,211,1418,(X),666,163,47.0,9.4,33,33,2.3,2.3,35.1,3.4,(X),(X),1017,65,1017,(X),51106,8378,(X),(X),24571,5715,(X),(X),37909,7085,(X),(X),33250,11912,(X),(X),(X),(X),19.0,8.7,(X),(X),27.2,13.0,(X),(X),0.0,48.1
1400000US25025091800,25025091800,"Census Tract 918, Suffolk County, Massachusetts",1954,284,1954,(X),(X),(X),18.9,5.5,1549,226,1549,(X),601,181,38.8,8.6,11,18,0.7,1.2,38.1,3.5,(X),(X),1128,76,1128,(X),42604,14802,(X),(X),20175,5685,(X),(X),33542,6280,(X),(X),34022,9133,(X),(X),(X),(X),34.3,13.0,(X),(X),44.7,16.1,(X),(X),0.0,61.6
1400000US25025091900,25025091900,"Census Tract 919, Suffolk County, Massachusetts",2155,391,2155,(X),(X),(X),19.6,5.2,1723,335,1723,(X),808,293,46.9,11.6,37,49,2.1,2.9,35.8,4.0,(X),(X),1182,106,1182,(X),38056,15507,(X),(X),29086,3884,(X),(X),37936,6880,(X),(X),33229,6809,(X),(X),(X),(X),18.8,9.0,(X),(X),29.5,12.9,(X),(X),14.5,23.2
1400000US25025092000,25025092000,"Census Tract 920, Suffolk County, Massachusetts",2842,371,2842,(X),(X),(X),19.8,6.2,2209,349,2209,(X),1017,296,46.0,10.4,47,45,2.1,2.0,35.1,2.8,(X),(X),1579,88,1579,(X),45813,12426,(X),(X),28156,3351,(X),(X),33889,5166,(X),(X),37394,2428,(X),(X),(X),(X),24.3,8.7,(X),(X),31.2,11.4,(X),(X),29.6,26.7
1400000US25025092101,25025092101,"Census Tract 921.01, Suffolk County, Massachusetts",3683,550,3683,(X),(X),(X),12.0,5.2,3224,517,3224,(X),987,325,30.6,7.8,385,164,11.9,4.6,31.1,2.3,(X),(X),2227,193,2227,(X),46642,4052,(X),(X),31483,4663,(X),(X),46639,10820,(X),(X),42671,3298,(X),(X),(X),(X),24.1,9.5,(X),(X),34.6,14.7,(X),(X),31.8,26.3
1400000US25025092200,25025092200,"Census Tract 922, Suffolk County, Massachusetts",1789,367,1789,(X),(X),(X),18.6,8.9,1428,321,1428,(X),440,179,30.8,9.1,98,79,6.9,5.1,34.9,5.1,(X),(X),1023,112,1023,(X),67863,28264,(X),(X),33083,9055,(X),(X),40820,5796,(X),(X),46839,16324,(X),(X),(X),(X),14.0,10.3,(X),(X),20.8,15.0,(X),(X),45.5,37.3
1400000US25025092300,25025092300,"Census Tract 923, Suffolk County, Massachusetts",1844,258,1844,(X),(X),(X),19.7,6.2,1393,246,1393,(X),614,184,44.1,9.2,26,27,1.9,2.0,36.4,3.5,(X),(X),1067,78,1067,(X),40580,8841,(X),(X),25156,7605,(X),(X),34271,5594,(X),(X),34229,4813,(X),(X),(X),(X),23.9,8.8,(X),(X),26.8,11.4,(X),(X),16.2,23.4
1400000US25025092400,25025092400,"Census Tract 924, Suffolk County, Massachusetts",2947,445,2947,(X),(X),(X),20.3,6.6,2270,418,2270,(X),984,283,43.3,8.6,85,71,3.7,3.3,34.4,3.7,(X),(X),2026,154,2026,(X),31292,12313,(X),(X),20965,2234,(X),(X),27115,8024,(X),(X),41209,3961,(X),(X),(X),(X),23.8,9.2,(X),(X),33.0,13.5,(X),(X),0.0,23.8
1400000US25025100100,25025100100,"Census Tract 1001, Suffolk County, Massachusetts",2688,423,2688,(X),(X),(X),14.8,4.9,2271,399,2271,(X),1051,316,46.3,11.3,58,56,2.6,2.5,34.2,5.9,(X),(X),1965,111,1965,(X),24886,11827,(X),(X),22805,5373,(X),(X),38867,12414,(X),(X),35202,3133,(X),(X),(X),(X),36.3,9.4,(X),(X),42.7,10.7,(X),(X),55.6,28.0
1400000US25025100200,25025100200,"Census Tract 1002, Suffolk County, Massachusetts",1535,209,1535,(X),(X),(X),17.0,5.1,1257,178,1257,(X),464,134,36.9,9.3,10,16,0.8,1.2,36.4,3.2,(X),(X),850,65,850,(X),45000,14395,(X),(X),22002,2927,(X),(X),40865,20742,(X),(X),40089,4442,(X),(X),(X),(X),13.4,6.5,(X),(X),23.8,11.0,(X),(X),0.0,52.8
1400000US25025100300,25025100300,"Census Tract 1003, Suffolk County, Massachusetts",1797,257,1797,(X),(X),(X),19.0,7.1,1375,254,1375,(X),399,130,29.0,8.6,41,51,3.0,3.5,35.0,6.1,(X),(X),1130,93,1130,(X),48464,5655,(X),(X),26102,6911,(X),(X),29634,19252,(X),(X),37716,7047,(X),(X),(X),(X),15.4,7.9,(X),(X),22.8,11.0,(X),(X),0.0,45.4
1400000US25025100400,25025100400,"Census Tract 1004, Suffolk County, Massachusetts",2901,334,2901,(X),(X),(X),16.2,6.1,2325,300,2325,(X),860,251,37.0,8.9,126,96,5.4,4.0,36.1,4.3,(X),(X),1676,117,1676,(X),52273,19143,(X),(X),35303,9131,(X),(X),48785,7981,(X),(X),41875,3631,(X),(X),(X),(X),21.6,8.5,(X),(X),36.9,14.7,(X),(X),0.0,55.3
1400000US25025100500,25025100500,"Census Tract 1005, Suffolk County, Massachusetts",4130,706,4130,(X),(X),(X),21.7,6.3,3134,533,3134,(X),1307,343,41.7,7.4,60,56,1.9,1.9,36.8,4.7,(X),(X),2219,153,2219,(X),55015,8535,(X),(X),25948,10512,(X),(X),42791,11758,(X),(X),47139,2179,(X),(X),(X),(X),14.5,7.5,(X),(X),21.1,12.9,(X),(X),15.0,27.0
1400000US25025100601,25025100601,"Census Tract 1006.01, Suffolk County, Massachusetts",3125,341,3125,(X),(X),(X),9.3,4.0,2805,330,2805,(X),961,265,34.3,8.2,23,29,0.8,1.0,33.9,3.1,(X),(X),2001,159,2001,(X),56414,6316,(X),(X),35386,7235,(X),(X),50851,5594,(X),(X),44142,11510,(X),(X),(X),(X),7.3,4.8,(X),(X),14.8,9.4,(X),(X),21.0,20.0
1400000US25025100603,25025100603,"Census Tract 1006.03, Suffolk County, Massachusetts",1173,187,1173,(X),(X),(X),8.8,5.1,1062,174,1062,(X),111,76,10.5,7.4,19,26,1.8,2.4,25.0,4.5,(X),(X),809,64,809,(X),64861,18217,(X),(X),45638,6671,(X),(X),77098,21437,(X),(X),42446,5565,(X),(X),(X),(X),4.7,5.9,(X),(X),0.0,32.4,(X),(X),0.0,51.3
1400000US25025100700,25025100700,"Census Tract 1007, Suffolk County, Massachusetts",2601,268,2601,(X),(X),(X),7.7,3.2,2318,260,2318,(X),344,121,14.8,4.6,160,156,6.9,6.6,27.5,3.8,(X),(X),1795,104,1795,(X),69844,13025,(X),(X),49508,6382,(X),(X),58523,12001,(X),(X),62613,4320,(X),(X),(X),(X),3.8,5.4,(X),(X),0.0,6.0,(X),(X),0.0,38.5
1400000US25025100800,25025100800,"Census Tract 1008, Suffolk County, Massachusetts",3786,487,3786,(X),(X),(X),11.1,4.3,3297,475,3297,(X),996,261,30.2,7.1,223,197,6.8,5.7,29.6,2.7,(X),(X),2598,130,2598,(X),68730,11456,(X),(X),40513,8558,(X),(X),61909,11161,(X),(X),49572,7407,(X),(X),(X),(X),4.7,3.9,(X),(X),4.3,5.0,(X),(X),0.0,42.7
1400000US25025100900,25025100900,"Census Tract 1009, Suffolk County, Massachusetts",2456,354,2456,(X),(X),(X),17.1,6.6,2001,333,2001,(X),753,235,37.6,9.0,73,64,3.6,3.2,38.9,4.8,(X),(X),1623,109,1623,(X),50343,4331,(X),(X),30420,7303,(X),(X),37880,7901,(X),(X),48217,10001,(X),(X),(X),(X),12.3,7.3,(X),(X),23.1,15.6,(X),(X),71.1,57.1
1400000US25025101001,25025101001,"Census Tract 1010.01, Suffolk County, Massachusetts",3562,544,3562,(X),(X),(X),23.5,5.6,2525,433,2525,(X),669,206,26.5,8.6,49,58,1.9,2.1,41.1,5.5,(X),(X),2119,145,2119,(X),53618,11636,(X),(X),26360,4649,(X),(X),38021,9425,(X),(X),38065,12291,(X),(X),(X),(X),13.9,7.7,(X),(X),25.7,14.3,(X),(X),67.6,57.7
1400000US25025101002,25025101002,"Census Tract 1010.02, Suffolk County, Massachusetts",2360,328,2360,(X),(X),(X),13.0,7.3,1976,359,1976,(X),448,177,22.7,7.5,146,137,7.4,6.9,36.0,4.9,(X),(X),1964,147,1964,(X),35085,9421,(X),(X),22114,4077,(X),(X),35991,7496,(X),(X),37014,8299,(X),(X),(X),(X),17.7,10.0,(X),(X),19.5,12.7,(X),(X),0.0,46.4
1400000US25025101101,25025101101,"Census Tract 1011.01, Suffolk County, Massachusetts",2137,408,2137,(X),(X),(X),16.4,6.5,1784,335,1784,(X),825,278,46.2,10.1,0,12,0.0,1.9,35.5,5.2,(X),(X),1074,90,1074,(X),60610,8136,(X),(X),25333,4035,(X),(X),41776,5429,(X),(X),35076,11757,(X),(X),(X),(X),13.4,8.7,(X),(X),15.1,13.1,(X),(X),39.6,42.3
1400000US25025101102,25025101102,"Census Tract 1011.02, Suffolk County, Massachusetts",2766,342,2766,(X),(X),(X),19.7,5.2,2120,275,2120,(X),1078,240,50.8,7.8,124,75,5.8,3.5,38.0,3.3,(X),(X),1545,86,1545,(X),36906,7957,(X),(X),21858,3084,(X),(X),32740,2556,(X),(X),37849,5332,(X),(X),(X),(X),28.8,8.1,(X),(X),41.0,12.1,(X),(X),58.8,38.7
1400000US25025110103,25025110103,"Census Tract 1101.03, Suffolk County, Massachusetts",3793,493,3793,(X),(X),(X),6.4,3.8,3396,489,3396,(X),1736,346,51.1,7.9,20,75,0.6,2.2,32.5,1.5,(X),(X),2330,112,2330,(X),65455,9137,(X),(X),35850,4443,(X),(X),54553,4947,(X),(X),43860,10452,(X),(X),(X),(X),24.7,10.1,(X),(X),36.4,16.3,(X),(X),37.4,41.0
1400000US25025110201,25025110201,"Census Tract 1102.01, Suffolk County, Massachusetts",1339,186,1339,(X),(X),(X),17.0,5.5,1100,172,1100,(X),219,90,19.9,7.4,0,12,0.0,3.1,38.3,6.1,(X),(X),883,61,883,(X),45329,8274,(X),(X),34417,6083,(X),(X),50094,17161,(X),(X),44276,13227,(X),(X),(X),(X),9.4,7.2,(X),(X),16.5,13.6,(X),(X),34.0,43.4
1400000US25025110301,25025110301,"Census Tract 1103.01, Suffolk County, Massachusetts",1541,191,1541,(X),(X),(X),10.8,4.0,1359,187,1359,(X),363,141,26.7,9.3,21,34,1.5,2.6,36.0,5.3,(X),(X),867,67,867,(X),74707,19496,(X),(X),39053,4125,(X),(X),57685,8949,(X),(X),48409,3607,(X),(X),(X),(X),5.5,6.7,(X),(X),8.2,12.3,(X),(X),0.0,51.3
1400000US25025110401,25025110401,"Census Tract 1104.01, Suffolk County, Massachusetts",2413,279,2413,(X),(X),(X),10.4,5.4,2072,300,2072,(X),745,211,36.0,8.5,57,51,2.8,2.4,33.1,2.6,(X),(X),1404,56,1404,(X),56532,11690,(X),(X),33946,4361,(X),(X),45435,7244,(X),(X),42471,6139,(X),(X),(X),(X),12.3,5.6,(X),(X),21.1,10.2,(X),(X),14.4,19.5
1400000US25025110403,25025110403,"Census Tract 1104.03, Suffolk County, Massachusetts",2925,318,2925,(X),(X),(X),12.3,4.4,2529,315,2529,(X),651,207,25.7,6.3,51,48,2.0,1.9,31.2,2.8,(X),(X),1709,100,1709,(X),66105,5876,(X),(X),33592,6266,(X),(X),53036,6575,(X),(X),50859,12109,(X),(X),(X),(X),13.2,7.5,(X),(X),23.1,12.1,(X),(X),0.0,20.9
1400000US25025110501,25025110501,"Census Tract 1105.01, Suffolk County, Massachusetts",2095,196,2095,(X),(X),(X),9.6,5.7,1816,171,1816,(X),446,149,24.6,7.0,30,34,1.7,1.9,29.0,2.0,(X),(X),1255,81,1255,(X),84656,11630,(X),(X),47743,4397,(X),(X),55833,12713,(X),(X),60114,15816,(X),(X),(X),(X),9.1,6.5,(X),(X),10.8,10.5,(X),(X),16.3,16.4
1400000US25025110502,25025110502,"Census Tract 1105.02, Suffolk County, Massachusetts",2319,303,2319,(X),(X),(X),8.7,4.3,2070,269,2070,(X),457,148,22.1,6.4,45,42,2.2,2.1,33.7,3.7,(X),(X),1549,120,1549,(X),77625,11252,(X),(X),38974,4267,(X),(X),65729,15461,(X),(X),55457,16053,(X),(X),(X),(X),1.2,1.8,(X),(X),2.4,3.7,(X),(X),0.0,18.2
1400000US25025110601,25025110601,"Census Tract 1106.01, Suffolk County, Massachusetts",1294,178,1294,(X),(X),(X),7.4,4.2,1198,167,1198,(X),217,98,18.1,7.7,1,3,0.1,0.2,34.1,4.2,(X),(X),1189,83,1189,(X),85346,10599,(X),(X),54984,7852,(X),(X),79583,27146,(X),(X),62992,9663,(X),(X),(X),(X),4.1,4.5,(X),(X),0.0,15.7,(X),(X),0.0,42.7
1400000US25025110607,25025110607,"Census Tract 1106.07, Suffolk County, Massachusetts",3288,427,3288,(X),(X),(X),5.1,4.5,3045,439,3045,(X),803,291,26.4,8.7,57,51,1.9,1.6,34.4,3.3,(X),(X),2001,177,2001,(X),80740,17274,(X),(X),51530,3353,(X),(X),59438,11357,(X),(X),54155,2232,(X),(X),(X),(X),4.2,5.1,(X),(X),4.3,6.9,(X),(X),8.0,12.1
1400000US25025120103,25025120103,"Census Tract 1201.03, Suffolk County, Massachusetts",975,101,975,(X),(X),(X),1.0,1.4,961,104,961,(X),225,59,23.4,5.8,20,21,2.1,2.2,29.4,4.5,(X),(X),648,64,648,(X),149167,63531,(X),(X),73618,11695,(X),(X),108382,9342,(X),(X),82750,5201,(X),(X),(X),(X),0.0,8.7,(X),(X),0.0,16.5,(X),(X),0.0,36.7
1400000US25025120104,25025120104,"Census Tract 1201.04, Suffolk County, Massachusetts",1473,145,1473,(X),(X),(X),6.0,3.7,1371,148,1371,(X),711,139,51.9,8.8,59,53,4.3,3.7,31.8,4.5,(X),(X),1023,58,1023,(X),67083,15774,(X),(X),45594,2796,(X),(X),69875,12233,(X),(X),46974,3323,(X),(X),(X),(X),20.9,9.1,(X),(X),42.6,19.9,(X),(X),0.0,43.5
1400000US25025120105,25025120105,"Census Tract 1201.05, Suffolk County, Massachusetts",1361,134,1361,(X),(X),(X),4.3,2.5,1276,138,1276,(X),156,82,12.2,5.8,76,49,6.0,3.7,25.5,2.2,(X),(X),907,34,907,(X),160446,23481,(X),(X),73625,32857,(X),(X),109079,39962,(X),(X),91845,7206,(X),(X),(X),(X),3.4,4.1,(X),(X),9.0,10.6,(X),(X),34.6,36.0
1400000US25025120201,25025120201,"Census Tract 1202.01, Suffolk County, Massachusetts",2834,254,2834,(X),(X),(X),9.0,3.9,2574,246,2574,(X),1107,232,43.0,7.8,157,112,6.1,4.3,28.1,2.9,(X),(X),1710,73,1710,(X),66081,17268,(X),(X),40319,8582,(X),(X),55647,9290,(X),(X),44352,6650,(X),(X),(X),(X),12.4,7.5,(X),(X),16.6,12.3,(X),(X),18.2,18.7
1400000US25025120301,25025120301,"Census Tract 1203.01, Suffolk County, Massachusetts",3324,393,3324,(X),(X),(X),6.7,3.1,3051,362,3051,(X),1352,350,44.3,8.1,132,76,4.3,2.5,31.0,2.4,(X),(X),1883,93,1883,(X),66477,25464,(X),(X),35889,9282,(X),(X),51111,18904,(X),(X),56167,6432,(X),(X),(X),(X),8.7,5.4,(X),(X),16.7,11.4,(X),(X),0.0,25.1
1400000US25025120400,25025120400,"Census Tract 1204, Suffolk County, Massachusetts",4616,482,4616,(X),(X),(X),4.4,2.1,4387,476,4387,(X),2183,433,49.8,8.5,371,189,8.5,4.4,29.9,1.8,(X),(X),2818,75,2818,(X),84375,10630,(X),(X),42514,6475,(X),(X),70309,18534,(X),(X),55259,9177,(X),(X),(X),(X),9.8,9.7,(X),(X),21.2,20.1,(X),(X),0.0,28.5
1400000US25025120500,25025120500,"Census Tract 1205, Suffolk County, Massachusetts",1548,141,1548,(X),(X),(X),13.6,4.6,1299,156,1299,(X),568,148,43.7,9.9,69,59,5.3,4.2,28.8,2.8,(X),(X),824,83,824,(X),52500,15112,(X),(X),29728,6413,(X),(X),47000,11814,(X),(X),34891,11999,(X),(X),(X),(X),13.9,10.9,(X),(X),20.2,16.7,(X),(X),0.0,34.9
1400000US25025120600,25025120600,"Census Tract 1206, Suffolk County, Massachusetts",1887,171,1887,(X),(X),(X),6.1,3.5,1755,177,1755,(X),758,146,43.2,7.1,103,49,5.9,2.6,28.1,2.2,(X),(X),1071,65,1071,(X),89628,22369,(X),(X),51368,4503,(X),(X),67292,11290,(X),(X),53538,4642,(X),(X),(X),(X),2.2,2.4,(X),(X),0.0,12.1,(X),(X),0.0,21.8
1400000US25025120700,25025120700,"Census Tract 1207, Suffolk County, Massachusetts",1463,175,1463,(X),(X),(X),3.1,2.4,1401,162,1401,(X),591,143,42.2,8.0,48,44,3.4,3.1,30.4,2.2,(X),(X),955,67,955,(X),76098,3587,(X),(X),45245,6213,(X),(X),56033,9515,(X),(X),47944,2805,(X),(X),(X),(X),6.0,6.8,(X),(X),0.0,22.9,(X),(X),0.0,32.7
1400000US25025130100,25025130100,"Census Tract 1301, Suffolk County, Massachusetts",3551,308,3551,(X),(X),(X),6.9,3.8,3151,303,3151,(X),403,147,12.8,4.7,41,46,1.3,1.4,32.2,2.7,(X),(X),2600,123,2600,(X),83621,15338,(X),(X),50557,5056,(X),(X),81094,13244,(X),(X),55526,10814,(X),(X),(X),(X),1.6,2.6,(X),(X),0.0,4.9,(X),(X),0.0,15.2
1400000US25025130200,25025130200,"Census Tract 1302, Suffolk County, Massachusetts",3073,275,3073,(X),(X),(X),3.1,1.8,2887,283,2887,(X),535,132,18.5,4.2,101,58,3.5,2.0,29.6,2.3,(X),(X),1827,84,1827,(X),106321,12008,(X),(X),49451,6654,(X),(X),76000,10141,(X),(X),53556,5418,(X),(X),(X),(X),2.0,1.9,(X),(X),0.0,7.3,(X),(X),0.0,26.1
1400000US25025130300,25025130300,"Census Tract 1303, Suffolk County, Massachusetts",2781,173,2781,(X),(X),(X),6.2,2.6,2558,179,2558,(X),295,105,11.5,4.2,49,37,1.9,1.4,29.4,2.3,(X),(X),1758,70,1758,(X),105735,17988,(X),(X),51357,9309,(X),(X),90431,10666,(X),(X),53889,16425,(X),(X),(X),(X),0.0,2.7,(X),(X),0.0,5.3,(X),(X),0.0,19.1
1400000US25025130402,25025130402,"Census Tract 1304.02, Suffolk County, Massachusetts",2834,360,2834,(X),(X),(X),5.7,3.4,2616,332,2616,(X),468,193,17.9,6.7,43,45,1.6,1.7,29.6,2.4,(X),(X),2136,137,2136,(X),76866,10670,(X),(X),44075,6516,(X),(X),65526,19255,(X),(X),65236,26611,(X),(X),(X),(X),5.0,6.5,(X),(X),10.9,13.4,(X),(X),8.8,13.2
1400000US25025130404,25025130404,"Census Tract 1304.04, Suffolk County, Massachusetts",1741,177,1741,(X),(X),(X),7.5,4.8,1585,162,1585,(X),171,96,10.8,6.0,30,34,1.9,2.2,33.3,5.2,(X),(X),1224,100,1224,(X),71563,24868,(X),(X),49338,4533,(X),(X),55938,16570,(X),(X),53529,6166,(X),(X),(X),(X),2.1,3.2,(X),(X),4.6,6.9,(X),(X),0.0,27.3
1400000US25025130406,25025130406,"Census Tract 1304.06, Suffolk County, Massachusetts",2447,360,2447,(X),(X),(X),11.2,6.5,2048,356,2048,(X),249,117,12.2,5.4,23,25,1.1,1.2,29.7,4.0,(X),(X),2173,124,2173,(X),31771,7951,(X),(X),30119,7162,(X),(X),44966,14083,(X),(X),42019,15899,(X),(X),(X),(X),21.4,11.1,(X),(X),22.2,16.2,(X),(X),100.0,31.9
1400000US25025140102,25025140102,"Census Tract 1401.02, Suffolk County, Massachusetts",2363,279,2363,(X),(X),(X),10.6,5.1,2013,248,2013,(X),469,120,23.3,5.6,1,2,0.0,0.1,31.6,3.0,(X),(X),1556,105,1556,(X),53641,11919,(X),(X),38886,8010,(X),(X),54554,13125,(X),(X),47754,7714,(X),(X),(X),(X),6.9,7.4,(X),(X),14.7,15.2,(X),(X),0.0,31.1
1400000US25025140105,25025140105,"Census Tract 1401.05, Suffolk County, Massachusetts",2136,256,2136,(X),(X),(X),9.6,4.3,1903,262,1903,(X),387,184,20.3,9.4,0,12,0.0,1.8,30.6,3.6,(X),(X),1245,78,1245,(X),62318,14255,(X),(X),35476,4212,(X),(X),48902,6315,(X),(X),37295,5811,(X),(X),(X),(X),0.8,1.4,(X),(X),0.0,7.0,(X),(X),0.0,33.7
1400000US25025140106,25025140106,"Census Tract 1401.06, Suffolk County, Massachusetts",883,181,883,(X),(X),(X),9.9,5.8,680,141,680,(X),163,80,24.0,9.3,12,16,1.8,2.4,35.5,4.0,(X),(X),832,54,832,(X),32500,6584,(X),(X),32292,12175,(X),(X),63583,43086,(X),(X),44097,17089,(X),(X),(X),(X),11.8,7.9,(X),(X),18.4,12.3,(X),(X),0.0,34.0
1400000US25025140107,25025140107,"Census Tract 1401.07, Suffolk County, Massachusetts",1582,174,1582,(X),(X),(X),10.9,5.7,1366,191,1366,(X),358,152,26.2,10.2,25,33,1.8,2.4,32.6,4.0,(X),(X),1050,51,1050,(X),58539,7397,(X),(X),39595,4219,(X),(X),52546,13357,(X),(X),47951,4075,(X),(X),(X),(X),2.4,2.7,(X),(X),4.1,4.7,(X),(X),0.0,38.2
1400000US25025140201,25025140201,"Census Tract 1402.01, Suffolk County, Massachusetts",1602,154,1602,(X),(X),(X),6.6,2.9,1474,155,1474,(X),181,70,12.3,4.6,51,40,3.5,2.8,28.2,3.4,(X),(X),940,39,940,(X),76567,5138,(X),(X),39167,3550,(X),(X),56159,9554,(X),(X),41272,7537,(X),(X),(X),(X),4.6,5.1,(X),(X),9.8,11.8,(X),(X),0.0,47.5
1400000US25025140202,25025140202,"Census Tract 1402.02, Suffolk County, Massachusetts",3371,387,3371,(X),(X),(X),10.9,3.6,2946,332,2946,(X),457,140,15.5,4.6,132,86,4.5,2.8,30.9,2.4,(X),(X),2075,87,2075,(X),66042,11950,(X),(X),36347,5577,(X),(X),50972,4546,(X),(X),53253,10322,(X),(X),(X),(X),8.9,6.4,(X),(X),10.8,8.0,(X),(X),9.9,13.7
1400000US25025140300,25025140300,"Census Tract 1403, Suffolk County, Massachusetts",3651,558,3651,(X),(X),(X),14.3,7.1,3011,538,3011,(X),804,429,26.7,11.5,214,164,7.1,5.5,31.2,3.2,(X),(X),2237,165,2237,(X),58870,8537,(X),(X),35625,3108,(X),(X),38589,9157,(X),(X),41094,8072,(X),(X),(X),(X),10.8,8.2,(X),(X),17.7,14.9,(X),(X),0.0,46.4
1400000US25025140400,25025140400,"Census Tract 1404, Suffolk County, Massachusetts",4819,514,4819,(X),(X),(X),19.0,4.9,3696,425,3696,(X),932,285,25.2,6.5,91,92,2.5,2.5,33.7,2.8,(X),(X),2838,169,2838,(X),58508,11295,(X),(X),31217,4446,(X),(X),44278,5107,(X),(X),44004,4981,(X),(X),(X),(X),7.0,4.8,(X),(X),8.3,6.5,(X),(X),12.0,21.7
1400000US25025160101,25025160101,"Census Tract 1601.01, Suffolk County, Massachusetts",4804,585,4804,(X),(X),(X),14.9,4.9,3988,514,3988,(X),963,337,24.1,7.7,460,198,11.5,4.6,30.2,3.7,(X),(X),2115,130,2115,(X),49199,10226,(X),(X),19169,2513,(X),(X),29917,6257,(X),(X),37581,5041,(X),(X),(X),(X),30.6,8.5,(X),(X),38.9,10.2,(X),(X),47.1,23.8
1400000US25025160200,25025160200,"Census Tract 1602, Suffolk County, Massachusetts",2288,367,2288,(X),(X),(X),11.6,4.7,1918,343,1918,(X),713,259,37.2,10.2,187,83,9.7,4.2,34.1,4.9,(X),(X),1091,91,1091,(X),50757,4478,(X),(X),21020,2633,(X),(X),34625,6334,(X),(X),25718,5436,(X),(X),(X),(X),23.3,9.9,(X),(X),28.3,13.8,(X),(X),36.9,46.7
1400000US25025160300,25025160300,"Census Tract 1603, Suffolk County, Massachusetts",1218,165,1218,(X),(X),(X),4.9,4.5,1119,178,1119,(X),95,50,8.5,4.4,23,38,2.1,3.3,30.0,4.9,(X),(X),1286,94,1286,(X),58186,6741,(X),(X),47321,5865,(X),(X),55417,13516,(X),(X),55734,5323,(X),(X),(X),(X),0.0,7.5,(X),(X),0.0,16.3,(X),(X),0.0,42.3
1400000US25025160400,25025160400,"Census Tract 1604, Suffolk County, Massachusetts",1495,242,1495,(X),(X),(X),11.8,4.4,1265,199,1265,(X),405,138,32.0,8.7,299,103,23.6,6.9,26.6,4.3,(X),(X),905,72,905,(X),36719,11384,(X),(X),20938,2883,(X),(X),34324,5472,(X),(X),27396,9438,(X),(X),(X),(X),22.3,11.0,(X),(X),29.1,15.5,(X),(X),14.7,17.5
1400000US25025160501,25025160501,"Census Tract 1605.01, Suffolk County, Massachusetts",2662,387,2662,(X),(X),(X),8.2,5.0,2435,374,2435,(X),619,234,25.4,8.4,275,146,11.3,6.2,30.7,5.0,(X),(X),1701,140,1701,(X),34917,8660,(X),(X),21085,4044,(X),(X),31443,1092,(X),(X),34592,12157,(X),(X),(X),(X),21.1,11.1,(X),(X),28.5,13.7,(X),(X),26.7,29.4
1400000US25025160502,25025160502,"Census Tract 1605.02, Suffolk County, Massachusetts",2480,363,2480,(X),(X),(X),10.5,5.0,2192,401,2192,(X),448,236,20.4,9.9,174,157,7.9,6.9,25.5,2.9,(X),(X),1499,123,1499,(X),46027,21236,(X),(X),27480,4477,(X),(X),42619,13908,(X),(X),29918,3637,(X),(X),(X),(X),20.5,10.8,(X),(X),24.5,13.9,(X),(X),13.4,21.9
1400000US25025160601,25025160601,"Census Tract 1606.01, Suffolk County, Massachusetts",1827,263,1827,(X),(X),(X),7.6,3.9,1664,258,1664,(X),269,130,16.2,7.2,38,36,2.3,2.1,26.2,2.4,(X),(X),1313,123,1313,(X),51298,11540,(X),(X),31756,2613,(X),(X),32128,7161,(X),(X),46375,14714,(X),(X),(X),(X),21.4,10.7,(X),(X),36.4,15.4,(X),(X),31.2,23.7
1400000US25025160602,25025160602,"Census Tract 1606.02, Suffolk County, Massachusetts",2484,419,2484,(X),(X),(X),7.6,3.8,2218,374,2218,(X),451,143,20.3,6.3,0,12,0.0,1.6,27.3,3.1,(X),(X),1640,106,1640,(X),50742,6340,(X),(X),30734,6733,(X),(X),47005,8950,(X),(X),41080,3807,(X),(X),(X),(X),17.1,7.4,(X),(X),16.3,10.1,(X),(X),0.0,27.1
1400000US25025170100,25025170100,"Census Tract 1701, Suffolk County, Massachusetts",4457,550,4457,(X),(X),(X),8.3,4.7,4034,508,4034,(X),999,353,24.8,7.8,140,116,3.5,2.7,28.5,3.0,(X),(X),2641,153,2641,(X),55574,11414,(X),(X),28875,4719,(X),(X),43642,11610,(X),(X),35685,5791,(X),(X),(X),(X),14.0,7.0,(X),(X),22.9,12.3,(X),(X),32.7,32.8
1400000US25025170200,25025170200,"Census Tract 1702, Suffolk County, Massachusetts",2284,301,2284,(X),(X),(X),8.1,4.4,2059,317,2059,(X),236,93,11.5,5.0,51,42,2.5,2.2,27.1,3.7,(X),(X),1640,83,1640,(X),60833,8639,(X),(X),36042,8729,(X),(X),51110,6033,(X),(X),44632,5695,(X),(X),(X),(X),12.9,6.8,(X),(X),20.7,11.9,(X),(X),0.0,32.9
1400000US25025170300,25025170300,"Census Tract 1703, Suffolk County, Massachusetts",5311,500,5311,(X),(X),(X),9.2,2.7,4756,494,4756,(X),817,228,17.2,4.4,127,86,2.7,1.8,28.5,2.9,(X),(X),3483,161,3483,(X),62524,16264,(X),(X),35299,3254,(X),(X),53875,8602,(X),(X),41181,8585,(X),(X),(X),(X),1.7,1.5,(X),(X),3.0,3.1,(X),(X),5.8,9.0
1400000US25025170400,25025170400,"Census Tract 1704, Suffolk County, Massachusetts",3137,472,3137,(X),(X),(X),8.7,3.9,2724,384,2724,(X),614,205,22.5,6.5,66,63,2.4,2.3,29.5,4.1,(X),(X),2161,126,2161,(X),42950,6374,(X),(X),29828,8105,(X),(X),39756,6552,(X),(X),39858,8943,(X),(X),(X),(X),14.9,9.0,(X),(X),25.5,14.7,(X),(X),0.0,28.8
1400000US25025170501,25025170501,"Census Tract 1705.01, Suffolk County, Massachusetts",1995,319,1995,(X),(X),(X),10.6,5.3,1607,295,1607,(X),485,164,30.2,8.1,48,65,3.0,4.0,39.6,7.4,(X),(X),1665,139,1665,(X),50734,13281,(X),(X),31373,4329,(X),(X),44940,11438,(X),(X),48906,12251,(X),(X),(X),(X),25.0,13.2,(X),(X),20.8,17.2,(X),(X),31.3,29.6
1400000US25025170502,25025170502,"Census Tract 1705.02, Suffolk County, Massachusetts",1600,241,1600,(X),(X),(X),9.5,6.0,1425,213,1425,(X),293,108,20.6,6.1,0,12,0.0,2.4,35.6,6.0,(X),(X),1405,103,1405,(X),54861,10579,(X),(X),40938,4994,(X),(X),69743,10115,(X),(X),56250,21229,(X),(X),(X),(X),4.2,5.0,(X),(X),14.4,15.1,(X),(X),22.8,35.1
1400000US25025170601,25025170601,"Census Tract 1706.01, Suffolk County, Massachusetts",2931,382,2931,(X),(X),(X),10.5,3.7,2552,332,2552,(X),525,179,20.6,6.3,61,56,2.4,2.2,29.8,2.6,(X),(X),1835,113,1835,(X),52841,10298,(X),(X),31807,4020,(X),(X),45801,5241,(X),(X),38935,4350,(X),(X),(X),(X),13.4,5.7,(X),(X),18.0,11.2,(X),(X),26.2,36.7
1400000US25025170701,25025170701,"Census Tract 1707.01, Suffolk County, Massachusetts",1253,276,1253,(X),(X),(X),19.1,7.1,1017,261,1017,(X),393,205,38.6,14.9,82,59,8.1,5.6,28.8,3.0,(X),(X),929,71,929,(X),38319,13630,(X),(X),28448,5080,(X),(X),32019,13790,(X),(X),30813,5227,(X),(X),(X),(X),34.8,17.3,(X),(X),43.5,26.2,(X),(X),78.0,26.5
1400000US25025170702,25025170702,"Census Tract 1707.02, Suffolk County, Massachusetts",3322,409,3322,(X),(X),(X),14.3,5.9,2803,442,2803,(X),1155,375,41.2,9.7,0,17,0.0,1.2,35.0,4.6,(X),(X),2028,156,2028,(X),48812,10021,(X),(X),26761,10905,(X),(X),40625,3056,(X),(X),30156,14153,(X),(X),(X),(X),25.9,10.1,(X),(X),35.5,16.2,(X),(X),40.6,27.2
1400000US25025170800,25025170800,"Census Tract 1708, Suffolk County, Massachusetts",3150,428,3150,(X),(X),(X),12.3,5.4,2687,406,2687,(X),966,262,36.0,8.8,14,21,0.5,0.8,24.7,2.4,(X),(X),1976,165,1976,(X),52960,8282,(X),(X),34346,6948,(X),(X),50308,10927,(X),(X),39640,6016,(X),(X),(X),(X),11.8,8.9,(X),(X),12.8,14.9,(X),(X),0.0,33.2
1400000US25025180101,25025180101,"Census Tract 1801.01, Suffolk County, Massachusetts",2638,269,2638,(X),(X),(X),10.7,4.4,2345,253,2345,(X),569,170,24.3,6.5,82,80,3.5,3.4,30.1,3.5,(X),(X),2164,162,2164,(X),58829,8482,(X),(X),43750,3626,(X),(X),58852,10183,(X),(X),62575,8146,(X),(X),(X),(X),3.7,3.1,(X),(X),1.1,3.4,(X),(X),0.0,27.1
1400000US25025180200,25025180200,"Census Tract 1802, Suffolk County, Massachusetts",2108,229,2108,(X),(X),(X),12.4,4.5,1732,190,1732,(X),303,95,17.5,5.3,93,59,5.4,3.3,29.8,4.4,(X),(X),1615,90,1615,(X),62260,12039,(X),(X),43843,11894,(X),(X),66908,6612,(X),(X),55067,7524,(X),(X),(X),(X),12.6,7.5,(X),(X),23.9,14.7,(X),(X),25.3,32.1
1400000US25025180301,25025180301,"Census Tract 1803.01, Suffolk County, Massachusetts",2007,225,2007,(X),(X),(X),5.1,3.6,1897,222,1897,(X),331,200,17.4,10.0,15,18,0.8,0.9,25.1,2.8,(X),(X),1172,72,1172,(X),94439,13386,(X),(X),50820,8977,(X),(X),74517,15251,(X),(X),51518,4498,(X),(X),(X),(X),2.4,1.9,(X),(X),2.1,3.4,(X),(X),10.9,19.6
1400000US25025180400,25025180400,"Census Tract 1804, Suffolk County, Massachusetts",1052,162,1052,(X),(X),(X),10.3,5.7,927,155,927,(X),94,60,10.1,5.8,18,22,1.9,2.2,30.3,5.2,(X),(X),708,60,708,(X),73000,31809,(X),(X),39839,10332,(X),(X),56563,9050,(X),(X),51103,16225,(X),(X),(X),(X),4.9,5.2,(X),(X),4.6,7.7,(X),(X),0.0,60.4
1400000US25025180500,25025180500,"Census Tract 1805, Suffolk County, Massachusetts",2726,274,2726,(X),(X),(X),5.7,2.9,2505,289,2505,(X),236,96,9.4,3.7,65,60,2.6,2.3,31.9,3.8,(X),(X),1854,107,1854,(X),61333,6031,(X),(X),46099,5782,(X),(X),55293,8204,(X),(X),52813,17539,(X),(X),(X),(X),16.9,7.0,(X),(X),26.8,16.0,(X),(X),43.1,35.7
1400000US25025980101,25025980101,"Census Tract 9801.01, Suffolk County, Massachusetts",117,118,117,(X),(X),(X),55.6,22.0,52,52,52,(X),34,43,65.4,51.8,8,17,15.4,35.4,29.5,26.8,(X),(X),0,12,0,(X),-,**,(X),(X),3403,7687,(X),(X),-,**,(X),(X),-,**,(X),(X),(X),(X),-,**,(X),(X),-,**,(X),(X),-,**
1400000US25025980300,25025980300,"Census Tract 9803, Suffolk County, Massachusetts",148,88,148,(X),(X),(X),62.2,45.5,56,55,56,(X),39,40,69.6,61.0,17,39,30.4,61.0,N,N,N,N,0,12,0,(X),-,**,(X),(X),2895,5301,(X),(X),-,**,(X),(X),-,**,(X),(X),(X),(X),-,**,(X),(X),-,**,(X),(X),-,**
1400000US25025980700,25025980700,"Census Tract 9807, Suffolk County, Massachusetts",0,12,0,(X),(X),(X),-,**,0,12,0,(X),0,12,-,**,0,12,-,**,-,**,(X),(X),4,6,4,(X),-,**,(X),(X),-,**,(X),(X),-,**,(X),(X),-,**,(X),(X),(X),(X),-,**,(X),(X),-,**,(X),(X),-,**
1400000US25025981000,25025981000,"Census Tract 9810, Suffolk County, Massachusetts",0,12,0,(X),(X),(X),-,**,0,12,0,(X),0,12,-,**,0,12,-,**,-,**,(X),(X),0,12,0,(X),-,**,(X),(X),-,**,(X),(X),-,**,(X),(X),-,**,(X),(X),(X),(X),-,**,(X),(X),-,**,(X),(X),-,**
1400000US25025981100,25025981100,"Census Tract 9811, Suffolk County, Massachusetts",65,42,65,(X),(X),(X),30.8,24.2,45,39,45,(X),9,10,20.0,30.5,0,12,0.0,45.9,N,N,N,N,77,40,77,(X),10809,8840,(X),(X),7824,7292,(X),(X),"2,500-",***,(X),(X),45938,46188,(X),(X),(X),(X),74.0,23.2,(X),(X),59.6,37.4,(X),(X),0.0,100.0
1400000US25025981201,25025981201,"Census Tract 9812.01, Suffolk County, Massachusetts",0,12,0,(X),(X),(X),-,**,0,12,0,(X),0,12,-,**,0,12,-,**,-,**,(X),(X),0,12,0,(X),-,**,(X),(X),-,**,(X),(X),-,**,(X),(X),-,**,(X),(X),(X),(X),-,**,(X),(X),-,**,(X),(X),-,**
1400000US25025981202,25025981202,"Census Tract 9812.02, Suffolk County, Massachusetts",0,12,0,(X),(X),(X),-,**,122,87,122,(X),0,12,0.0,24.6,27,30,22.1,29.0,N,N,N,N,0,12,0,(X),-,**,(X),(X),19630,2063,(X),(X),19630,6189,(X),(X),-,**,(X),(X),(X),(X),-,**,(X),(X),-,**,(X),(X),-,**
1400000US25025981300,25025981300,"Census Tract 9813, Suffolk County, Massachusetts",389,125,389,(X),(X),(X),0.0,8.6,389,125,389,(X),120,71,30.8,15.8,11,19,2.8,4.6,22.1,3.0,(X),(X),294,85,294,(X),80303,13877,(X),(X),52031,23996,(X),(X),79519,22838,(X),(X),50000,2834,(X),(X),(X),(X),0.0,40.4,(X),(X),0.0,54.4,(X),(X),0.0,92.8
1400000US25025981501,25025981501,"Census Tract 9815.01, Suffolk County, Massachusetts",0,12,0,(X),(X),(X),-,**,0,12,0,(X),0,12,-,**,0,12,-,**,-,**,(X),(X),0,12,0,(X),-,**,(X),(X),-,**,(X),(X),-,**,(X),(X),-,**,(X),(X),(X),(X),-,**,(X),(X),-,**,(X),(X),-,**
1400000US25025981502,25025981502,"Census Tract 9815.02, Suffolk County, Massachusetts",0,12,0,(X),(X),(X),-,**,0,12,0,(X),0,12,-,**,0,12,-,**,-,**,(X),(X),0,12,0,(X),-,**,(X),(X),-,**,(X),(X),-,**,(X),(X),-,**,(X),(X),(X),(X),-,**,(X),(X),-,**,(X),(X),-,**
1400000US25025981600,25025981600,"Census Tract 9816, Suffolk County, Massachusetts",0,12,0,(X),(X),(X),-,**,0,12,0,(X),0,12,-,**,0,12,-,**,-,**,(X),(X),0,12,0,(X),-,**,(X),(X),-,**,(X),(X),-,**,(X),(X),-,**,(X),(X),(X),(X),-,**,(X),(X),-,**,(X),(X),-,**
1400000US25025981700,25025981700,"Census Tract 9817, Suffolk County, Massachusetts",0,12,0,(X),(X),(X),-,**,0,12,0,(X),0,12,-,**,0,12,-,**,-,**,(X),(X),0,12,0,(X),-,**,(X),(X),-,**,(X),(X),-,**,(X),(X),-,**,(X),(X),(X),(X),-,**,(X),(X),-,**,(X),(X),-,**
1400000US25025981800,25025981800,"Census Tract 9818, Suffolk County, Massachusetts",4,6,4,(X),(X),(X),0.0,100.0,4,6,4,(X),0,12,0.0,100.0,0,12,0.0,100.0,N,N,N,N,13,9,13,(X),55938,117279,(X),(X),-,**,(X),(X),-,**,(X),(X),-,**,(X),(X),(X),(X),0.0,100.0,(X),(X),-,**,(X),(X),-,**
1400000US25025990101,25025990101,"Census Tract 9901.01, Suffolk County, Massachusetts",0,12,0,(X),(X),(X),-,**,0,12,0,(X),0,12,-,**,0,12,-,**,-,**,(X),(X),0,12,0,(X),-,**,(X),(X),-,**,(X),(X),-,**,(X),(X),-,**,(X),(X),(X),(X),-,**,(X),(X),-,**,(X),(X),-,**
